"DESCRIPTION","DURATION IN MS","NAME","PARENT SUITE","START TIME","STATUS","STOP TIME","SUB SUITE","SUITE","TEST CLASS","TEST METHOD"
"","99","should call onCancel when return to login button clicked","PasswordResetForm","Mon Jan 26 21:59:23 UTC 2026","passed","Mon Jan 26 21:59:23 UTC 2026","","","",""
"Test cases for TestFloatSetValid","0","TestFloatSetValid","","Mon Jan 26 21:57:01 UTC 2026","passed","Mon Jan 26 21:57:01 UTC 2026","","Go Test","github.com/specterops/bloodhound/cmd/api/src/database/types/null/TestFloatSetValid","TestFloatSetValid"
"Test cases for TestGetAzureDataQualityStats_Failure","0","TestGetAzureDataQualityStats_Failure","","Mon Jan 26 21:56:55 UTC 2026","passed","Mon Jan 26 21:56:55 UTC 2026","","Go Test","github.com/specterops/bloodhound/cmd/api/src/api/v2/TestGetAzureDataQualityStats_Failure","TestGetAzureDataQualityStats_Failure"
"","44","should have a .z-nav class","MainNav","Mon Jan 26 21:58:13 UTC 2026","passed","Mon Jan 26 21:58:13 UTC 2026","","","",""
"","0","shows some collection methods for the given job","toCollected","Mon Jan 26 22:01:24 UTC 2026","passed","Mon Jan 26 22:01:24 UTC 2026","","","",""
"Test cases for TestResources_ListAuditLogs_OnlyOffset","0","TestResources_ListAuditLogs_OnlyOffset","","Mon Jan 26 21:56:55 UTC 2026","passed","Mon Jan 26 21:56:55 UTC 2026","","Go Test","github.com/specterops/bloodhound/cmd/api/src/api/v2/TestResources_ListAuditLogs_OnlyOffset","TestResources_ListAuditLogs_OnlyOffset"
"Test cases for TestEncodingValues","0","TestEncodingValues","","Mon Jan 26 21:57:22 UTC 2026","passed","Mon Jan 26 21:57:22 UTC 2026","","Go Test","github.com/specterops/bloodhound/packages/go/bomenc/TestEncodingValues","TestEncodingValues"
"Test cases for TestMarshalIntText","0","TestMarshalIntText","","Mon Jan 26 21:57:01 UTC 2026","passed","Mon Jan 26 21:57:01 UTC 2026","","Go Test","github.com/specterops/bloodhound/cmd/api/src/database/types/null/TestMarshalIntText","TestMarshalIntText"
"Test cases for TestResources_GetAIACAEntityInfo","213","TestResources_GetAIACAEntityInfo","","Mon Jan 26 21:56:55 UTC 2026","passed","Mon Jan 26 21:56:55 UTC 2026","","Go Test","github.com/specterops/bloodhound/cmd/api/src/api/v2/TestResources_GetAIACAEntityInfo","TestResources_GetAIACAEntityInfo"
"","340","filters by the selected user","FileIngestFilterDialog","Mon Jan 26 21:58:17 UTC 2026","passed","Mon Jan 26 21:58:17 UTC 2026","","User Select","",""
"","6","does not render when selector is default","Delete Selector Button rendering","Mon Jan 26 22:01:28 UTC 2026","passed","Mon Jan 26 22:01:28 UTC 2026","","","",""
"Test cases for TestRequestWaitDuration","0","TestRequestWaitDuration","","Mon Jan 26 21:56:47 UTC 2026","passed","Mon Jan 26 21:56:47 UTC 2026","","Go Test","github.com/specterops/bloodhound/cmd/api/src/api/middleware/TestRequestWaitDuration","TestRequestWaitDuration"
"","298","sets a primarySearch=id and searchType=node when secondarySearch is falsey","ContextMenu","Mon Jan 26 22:02:23 UTC 2026","passed","Mon Jan 26 22:02:23 UTC 2026","","","",""
"Test cases for TestBuildSQLFilter","1","TestBuildSQLFilter","","Mon Jan 26 21:57:02 UTC 2026","passed","Mon Jan 26 21:57:02 UTC 2026","","Go Test","github.com/specterops/bloodhound/cmd/api/src/model/TestBuildSQLFilter","TestBuildSQLFilter"
"","7","constructs correct URLSearchParams with all filters","createHistoryParams","Mon Jan 26 22:00:49 UTC 2026","passed","Mon Jan 26 22:00:49 UTC 2026","","","",""
"Test cases for TestResources_CreateSavedQuery","0","TestResources_CreateSavedQuery","","Mon Jan 26 21:56:55 UTC 2026","passed","Mon Jan 26 21:56:55 UTC 2026","","Go Test","github.com/specterops/bloodhound/cmd/api/src/api/v2/TestResources_CreateSavedQuery","TestResources_CreateSavedQuery"
"Test cases for TestResources_ListRootCAPKIHierarchy","1","TestResources_ListRootCAPKIHierarchy","","Mon Jan 26 21:56:55 UTC 2026","passed","Mon Jan 26 21:56:55 UTC 2026","","Go Test","github.com/specterops/bloodhound/cmd/api/src/api/v2/TestResources_ListRootCAPKIHierarchy","TestResources_ListRootCAPKIHierarchy"
"","545","renders the form for creating a new zone","Tag Form","Mon Jan 26 21:57:34 UTC 2026","passed","Mon Jan 26 21:57:35 UTC 2026","","","",""
"","141","buttons are disabled while loading","LoginForm","Mon Jan 26 22:01:09 UTC 2026","passed","Mon Jan 26 22:01:09 UTC 2026","","","",""
"","685","should call onSubmit with initiation_url of selected SSO provider","LoginViaSSOForm","Mon Jan 26 22:00:10 UTC 2026","passed","Mon Jan 26 22:00:11 UTC 2026","","","",""
"","165","toggles a child on","SourceKindsCheckboxes","Mon Jan 26 21:59:07 UTC 2026","passed","Mon Jan 26 21:59:07 UTC 2026","","","",""
"Test cases for TestMaybeSubmitNodeUpdate","6","TestMaybeSubmitNodeUpdate","","Mon Jan 26 21:57:07 UTC 2026","passed","Mon Jan 26 21:57:07 UTC 2026","","Go Test","github.com/specterops/bloodhound/cmd/api/src/services/graphify/TestMaybeSubmitNodeUpdate","TestMaybeSubmitNodeUpdate"
"Test cases for TestResources_UpdateSavedQuery_UpdateFailed","0","TestResources_UpdateSavedQuery_UpdateFailed","","Mon Jan 26 21:56:55 UTC 2026","passed","Mon Jan 26 21:56:55 UTC 2026","","Go Test","github.com/specterops/bloodhound/cmd/api/src/api/v2/TestResources_UpdateSavedQuery_UpdateFailed","TestResources_UpdateSavedQuery_UpdateFailed"
"Test cases for TestSeekToKey","0","TestSeekToKey","","Mon Jan 26 21:57:07 UTC 2026","passed","Mon Jan 26 21:57:07 UTC 2026","","Go Test","github.com/specterops/bloodhound/cmd/api/src/services/graphify/TestSeekToKey","TestSeekToKey"
"Test cases for TestDatabase_GetAssetGroupTag","1","TestDatabase_GetAssetGroupTag","","Mon Jan 26 21:56:55 UTC 2026","passed","Mon Jan 26 21:56:55 UTC 2026","","Go Test","github.com/specterops/bloodhound/cmd/api/src/api/v2/TestDatabase_GetAssetGroupTag","TestDatabase_GetAssetGroupTag"
"","0","returns true if both arrays are empty","areArraysSimilar","Mon Jan 26 22:01:26 UTC 2026","passed","Mon Jan 26 22:01:26 UTC 2026","","","",""
"","89","updates value when an invalid date typed","ManagedDatePicker - value","Mon Jan 26 21:59:32 UTC 2026","passed","Mon Jan 26 21:59:32 UTC 2026","","","",""
"","1","adds email filter if madeBy contains ""@""","createHistoryParams","Mon Jan 26 22:00:49 UTC 2026","passed","Mon Jan 26 22:00:49 UTC 2026","","","",""
"","137","should on clicking collapse all remove expandedPanelSections param from url and set isObjectInfoPanelOpen in context to false","EntityInfoHeader","Mon Jan 26 22:00:05 UTC 2026","passed","Mon Jan 26 22:00:05 UTC 2026","","","",""
"","3","returns true if arrays are referentially equal","areArraysSimilar","Mon Jan 26 22:01:26 UTC 2026","passed","Mon Jan 26 22:01:26 UTC 2026","","","",""
"","0","Empty input is provided","Parsing the debounced input for type and keyword values","Mon Jan 26 21:59:49 UTC 2026","passed","Mon Jan 26 21:59:49 UTC 2026","","","",""
"","187","displays a polite message when there are no user updatable features available","EarlyAccessFeatures","Mon Jan 26 22:02:34 UTC 2026","passed","Mon Jan 26 22:02:34 UTC 2026","","","",""
"Test cases for TestResources_ListAuditLogs_OnlySkip","0","TestResources_ListAuditLogs_OnlySkip","","Mon Jan 26 21:56:55 UTC 2026","passed","Mon Jan 26 21:56:55 UTC 2026","","Go Test","github.com/specterops/bloodhound/cmd/api/src/api/v2/TestResources_ListAuditLogs_OnlySkip","TestResources_ListAuditLogs_OnlySkip"
"","5481","checking a single edge type updates its parent and grandparent","Pathfinding","Mon Jan 26 21:59:21 UTC 2026","passed","Mon Jan 26 21:59:26 UTC 2026","","","",""
"","10","should be aligned to right of screen","GenericErrorBoundaryFallback","Mon Jan 26 22:01:49 UTC 2026","passed","Mon Jan 26 22:01:49 UTC 2026","","","",""
"Test cases for TestLoginFailure","3","TestLoginFailure","","Mon Jan 26 21:56:55 UTC 2026","passed","Mon Jan 26 21:56:55 UTC 2026","","Go Test","github.com/specterops/bloodhound/cmd/api/src/api/v2/auth/TestLoginFailure","TestLoginFailure"
"","714","should display all available roles","CreateUserDialog","Mon Jan 26 21:58:04 UTC 2026","passed","Mon Jan 26 21:58:05 UTC 2026","","","",""
"","244","displays loading state","SourceKindsCheckboxes","Mon Jan 26 21:59:05 UTC 2026","passed","Mon Jan 26 21:59:05 UTC 2026","","","",""
"","2159","hides the password field and removes the requirement when logged in with SSO","Users","Mon Jan 26 21:58:59 UTC 2026","passed","Mon Jan 26 21:59:01 UTC 2026","","","",""
"Test cases for TestManagementResource_GetRole","41418","TestManagementResource_GetRole","","Mon Jan 26 21:57:02 UTC 2026","passed","Mon Jan 26 21:57:43 UTC 2026","","Go Test","github.com/specterops/bloodhound/cmd/api/src/api/v2/auth/TestManagementResource_GetRole","TestManagementResource_GetRole"
"","66","should display a message","CypherSearchMessage","Mon Jan 26 22:01:53 UTC 2026","passed","Mon Jan 26 22:01:53 UTC 2026","","","",""
"","562","should display Environmental Targeted Access Control panel when showEnvironmentAccessControls prop is true and read-only role is selected","CreateUserForm","Mon Jan 26 21:58:07 UTC 2026","passed","Mon Jan 26 21:58:07 UTC 2026","","","",""
"Test cases for TestBuildSQLSort","1","TestBuildSQLSort","","Mon Jan 26 21:56:43 UTC 2026","passed","Mon Jan 26 21:56:43 UTC 2026","","Go Test","github.com/specterops/bloodhound/cmd/api/src/api/TestBuildSQLSort","TestBuildSQLSort"
"","619","should render","LoginViaSSOForm","Mon Jan 26 22:00:09 UTC 2026","passed","Mon Jan 26 22:00:10 UTC 2026","","","",""
"","9","renders null if network fails to return valid asset group membership list","AssetGroupMenuItem","Mon Jan 26 22:02:14 UTC 2026","passed","Mon Jan 26 22:02:14 UTC 2026","","adding to an asset group","",""
"Test cases for TestCache_Reset","0","TestCache_Reset","","Mon Jan 26 21:57:22 UTC 2026","passed","Mon Jan 26 21:57:22 UTC 2026","","Go Test","github.com/specterops/bloodhound/packages/go/cache/TestCache_Reset","TestCache_Reset"
"","55","renders highlight for the active tag","SelectedHighlight","Mon Jan 26 22:00:54 UTC 2026","passed","Mon Jan 26 22:00:54 UTC 2026","","","",""
"Test cases for TestMarshalTime","0","TestMarshalTime","","Mon Jan 26 21:57:01 UTC 2026","passed","Mon Jan 26 21:57:01 UTC 2026","","Go Test","github.com/specterops/bloodhound/cmd/api/src/database/types/null/TestMarshalTime","TestMarshalTime"
"Test cases for TestIngestJobs_ValidFilters","0","TestIngestJobs_ValidFilters","","Mon Jan 26 21:57:02 UTC 2026","passed","Mon Jan 26 21:57:02 UTC 2026","","Go Test","github.com/specterops/bloodhound/cmd/api/src/model/TestIngestJobs_ValidFilters","TestIngestJobs_ValidFilters"
"","154","should call ""onCancel one time""","Enable2FADialog","Mon Jan 26 22:00:27 UTC 2026","passed","Mon Jan 26 22:00:27 UTC 2026","","user clicks ""Cancel"" button","",""
"","35","displays lastlogon cell as UNKNOWN when the value is 0","ExploreTableDataCell","Mon Jan 26 22:01:05 UTC 2026","passed","Mon Jan 26 22:01:05 UTC 2026","","","",""
"","0","shows no collection methods","toCollected","Mon Jan 26 22:01:24 UTC 2026","passed","Mon Jan 26 22:01:24 UTC 2026","","","",""
"Test cases for TestCache_GuardedSet","0","TestCache_GuardedSet","","Mon Jan 26 21:57:22 UTC 2026","passed","Mon Jan 26 21:57:22 UTC 2026","","Go Test","github.com/specterops/bloodhound/packages/go/cache/TestCache_GuardedSet","TestCache_GuardedSet"
"Test cases for TestNewAuditLog_BadAuthContext","0","TestNewAuditLog_BadAuthContext","","Mon Jan 26 21:57:01 UTC 2026","passed","Mon Jan 26 21:57:01 UTC 2026","","Go Test","github.com/specterops/bloodhound/cmd/api/src/database/TestNewAuditLog_BadAuthContext","TestNewAuditLog_BadAuthContext"
"","254","should display a ""Reset Password"" button","UserProfile","Mon Jan 26 21:59:29 UTC 2026","passed","Mon Jan 26 21:59:29 UTC 2026","","","",""
"Test cases for TestFloatValueOrZero","0","TestFloatValueOrZero","","Mon Jan 26 21:57:01 UTC 2026","passed","Mon Jan 26 21:57:01 UTC 2026","","Go Test","github.com/specterops/bloodhound/cmd/api/src/database/types/null/TestFloatValueOrZero","TestFloatValueOrZero"
"Test cases for TestResources_ListADDomainInboundTrusts","1","TestResources_ListADDomainInboundTrusts","","Mon Jan 26 21:56:55 UTC 2026","passed","Mon Jan 26 21:56:55 UTC 2026","","Go Test","github.com/specterops/bloodhound/cmd/api/src/api/v2/TestResources_ListADDomainInboundTrusts","TestResources_ListADDomainInboundTrusts"
"Test cases for TestResources_ListADComputerSQLAdmins","0","TestResources_ListADComputerSQLAdmins","","Mon Jan 26 21:56:55 UTC 2026","passed","Mon Jan 26 21:56:55 UTC 2026","","Go Test","github.com/specterops/bloodhound/cmd/api/src/api/v2/TestResources_ListADComputerSQLAdmins","TestResources_ListADComputerSQLAdmins"
"Test cases for TestResources_ListADComputerDCOMUsers","1","TestResources_ListADComputerDCOMUsers","","Mon Jan 26 21:56:55 UTC 2026","passed","Mon Jan 26 21:56:55 UTC 2026","","Go Test","github.com/specterops/bloodhound/cmd/api/src/api/v2/TestResources_ListADComputerDCOMUsers","TestResources_ListADComputerDCOMUsers"
"Test cases for TestManagementResource_ListAuthTokens_Filtered","0","TestManagementResource_ListAuthTokens_Filtered","","Mon Jan 26 21:57:25 UTC 2026","passed","Mon Jan 26 21:57:25 UTC 2026","","Go Test","github.com/specterops/bloodhound/cmd/api/src/api/v2/auth/TestManagementResource_ListAuthTokens_Filtered","TestManagementResource_ListAuthTokens_Filtered"
"Test cases for TestResources_DeleteSavedQuery_RecordNotFound_EdgeCase","0","TestResources_DeleteSavedQuery_RecordNotFound_EdgeCase","","Mon Jan 26 21:56:55 UTC 2026","passed","Mon Jan 26 21:56:55 UTC 2026","","Go Test","github.com/specterops/bloodhound/cmd/api/src/api/v2/TestResources_DeleteSavedQuery_RecordNotFound_EdgeCase","TestResources_DeleteSavedQuery_RecordNotFound_EdgeCase"
"Test cases for TestMarshalInt64Text","0","TestMarshalInt64Text","","Mon Jan 26 21:57:01 UTC 2026","passed","Mon Jan 26 21:57:01 UTC 2026","","Go Test","github.com/specterops/bloodhound/cmd/api/src/database/types/null/TestMarshalInt64Text","TestMarshalInt64Text"
"Test cases for TestUnmarshalBool","0","TestUnmarshalBool","","Mon Jan 26 21:57:01 UTC 2026","passed","Mon Jan 26 21:57:01 UTC 2026","","Go Test","github.com/specterops/bloodhound/cmd/api/src/database/types/null/TestUnmarshalBool","TestUnmarshalBool"
"Test cases for TestRoleAssignments_NodeHasRole","0","TestRoleAssignments_NodeHasRole","","Mon Jan 26 21:57:21 UTC 2026","passed","Mon Jan 26 21:57:21 UTC 2026","","Go Test","github.com/specterops/bloodhound/packages/go/analysis/azure/TestRoleAssignments_NodeHasRole","TestRoleAssignments_NodeHasRole"
"Test cases for TestResources_DeleteSavedQuery_IsPublicSavedQueryDBError","0","TestResources_DeleteSavedQuery_IsPublicSavedQueryDBError","","Mon Jan 26 21:56:55 UTC 2026","passed","Mon Jan 26 21:56:55 UTC 2026","","Go Test","github.com/specterops/bloodhound/cmd/api/src/api/v2/TestResources_DeleteSavedQuery_IsPublicSavedQueryDBError","TestResources_DeleteSavedQuery_IsPublicSavedQueryDBError"
"","3181","The password reset dialog is opened when switching a user from SAML based authentication to username/password based authentication","Users","Mon Jan 26 21:58:50 UTC 2026","passed","Mon Jan 26 21:58:53 UTC 2026","","","",""
"","8","allows you to update the list of selected filters, only updating the url after calling the apply function","usePathfindingFilters","Mon Jan 26 22:01:13 UTC 2026","passed","Mon Jan 26 22:01:13 UTC 2026","","","",""
"Test cases for TestManagementResource_ListUsers_Filtered","0","TestManagementResource_ListUsers_Filtered","","Mon Jan 26 21:57:02 UTC 2026","passed","Mon Jan 26 21:57:02 UTC 2026","","Go Test","github.com/specterops/bloodhound/cmd/api/src/api/v2/auth/TestManagementResource_ListUsers_Filtered","TestManagementResource_ListUsers_Filtered"
"","0","returns false if value is {}","searchParams","Mon Jan 26 22:00:17 UTC 2026","passed","Mon Jan 26 22:00:17 UTC 2026","","isEmptyParam","",""
"","31","has a button with text Clear Filters","AssetGroupEdit","Mon Jan 26 21:58:32 UTC 2026","passed","Mon Jan 26 21:58:32 UTC 2026","","Clear Filters button","",""
"Test cases for TestAssetGroupMembers_Filter_NotEquals","0","TestAssetGroupMembers_Filter_NotEquals","","Mon Jan 26 21:56:42 UTC 2026","passed","Mon Jan 26 21:56:42 UTC 2026","","Go Test","github.com/specterops/bloodhound/cmd/api/src/api/TestAssetGroupMembers_Filter_NotEquals","TestAssetGroupMembers_Filter_NotEquals"
"","10","displays CaretUp icon when the sortOrder is asc","ColumnHeaders","Mon Jan 26 22:00:47 UTC 2026","passed","Mon Jan 26 22:00:47 UTC 2026","","SortableHeader","",""
"Test cases for TestUnique","0","TestUnique","","Mon Jan 26 21:57:38 UTC 2026","passed","Mon Jan 26 21:57:38 UTC 2026","","Go Test","github.com/specterops/bloodhound/packages/go/slicesext/TestUnique","TestUnique"
"Test cases for TestResources_UpdateSavedQuery_QueryBelongsToAnotherUser","0","TestResources_UpdateSavedQuery_QueryBelongsToAnotherUser","","Mon Jan 26 21:56:55 UTC 2026","passed","Mon Jan 26 21:56:55 UTC 2026","","Go Test","github.com/specterops/bloodhound/cmd/api/src/api/v2/TestResources_UpdateSavedQuery_QueryBelongsToAnotherUser","TestResources_UpdateSavedQuery_QueryBelongsToAnotherUser"
"Test cases for TestResources_ListADGroupMembership","7","TestResources_ListADGroupMembership","","Mon Jan 26 21:56:55 UTC 2026","passed","Mon Jan 26 21:56:55 UTC 2026","","Go Test","github.com/specterops/bloodhound/cmd/api/src/api/v2/TestResources_ListADGroupMembership","TestResources_ListADGroupMembership"
"","37","Gets focus on keyboard shortcut","SearchBar","Mon Jan 26 22:01:36 UTC 2026","passed","Mon Jan 26 22:01:36 UTC 2026","","","",""
"Test cases for TestResources_GetCollectorManifest","0","TestResources_GetCollectorManifest","","Mon Jan 26 21:56:55 UTC 2026","passed","Mon Jan 26 21:56:55 UTC 2026","","Go Test","github.com/specterops/bloodhound/cmd/api/src/api/v2/TestResources_GetCollectorManifest","TestResources_GetCollectorManifest"
"","64","initializes search tab to the exploreSearchTab on initial render","ExploreSearch sets searchType on tab changing","Mon Jan 26 22:02:16 UTC 2026","passed","Mon Jan 26 22:02:16 UTC 2026","","","",""
"","243","should render a single section with a single navigation item","SubNav","Mon Jan 26 22:00:42 UTC 2026","passed","Mon Jan 26 22:00:43 UTC 2026","","","",""
"","227","should display ""Cancel"" button","Enable2FADialog","Mon Jan 26 22:00:26 UTC 2026","passed","Mon Jan 26 22:00:27 UTC 2026","","","",""
"","363","renders","ObjectsAccordion","Mon Jan 26 21:59:46 UTC 2026","passed","Mon Jan 26 21:59:46 UTC 2026","","","",""
"Test cases for TestURLJoinPathNoPrefix","0","TestURLJoinPathNoPrefix","","Mon Jan 26 21:56:43 UTC 2026","passed","Mon Jan 26 21:56:43 UTC 2026","","Go Test","github.com/specterops/bloodhound/cmd/api/src/api/TestURLJoinPathNoPrefix","TestURLJoinPathNoPrefix"
"","8","renders without pulse animation by default","StatusIndicator","Mon Jan 26 22:01:39 UTC 2026","passed","Mon Jan 26 22:01:39 UTC 2026","","","",""
"","70","should not display a badge when role based filtering is true and show filter banner is false by default","EntityInfoPanel","Mon Jan 26 22:00:52 UTC 2026","passed","Mon Jan 26 22:00:52 UTC 2026","","","",""
"","61","shows an error notification if there is an error fetching","useFinishedJobs","Mon Jan 26 21:59:12 UTC 2026","passed","Mon Jan 26 21:59:12 UTC 2026","","","",""
"","276","sets the calendar date to match the valid","ManagedDatePicker - value","Mon Jan 26 21:59:32 UTC 2026","passed","Mon Jan 26 21:59:33 UTC 2026","","","",""
"Test cases for TestIsValidEmail","0","TestIsValidEmail","","Mon Jan 26 21:57:17 UTC 2026","passed","Mon Jan 26 21:57:17 UTC 2026","","Go Test","github.com/specterops/bloodhound/cmd/api/src/utils/TestIsValidEmail","TestIsValidEmail"
"","494","renders trigger button and dropdown items","TagToZoneLabel","Mon Jan 26 21:57:44 UTC 2026","passed","Mon Jan 26 21:57:45 UTC 2026","","","",""
"","68","displays security warning","Enable2FADialog","Mon Jan 26 22:00:27 UTC 2026","passed","Mon Jan 26 22:00:27 UTC 2026","","","",""
"Test cases for TestResources_ListADEntityDCOMRights","1","TestResources_ListADEntityDCOMRights","","Mon Jan 26 21:56:55 UTC 2026","passed","Mon Jan 26 21:56:55 UTC 2026","","Go Test","github.com/specterops/bloodhound/cmd/api/src/api/v2/TestResources_ListADEntityDCOMRights","TestResources_ListADEntityDCOMRights"
"Test cases for TestResources_UpdateAssetGroupSelectors_SuccessOwned","0","TestResources_UpdateAssetGroupSelectors_SuccessOwned","","Mon Jan 26 21:56:55 UTC 2026","passed","Mon Jan 26 21:56:55 UTC 2026","","Go Test","github.com/specterops/bloodhound/cmd/api/src/api/v2/TestResources_UpdateAssetGroupSelectors_SuccessOwned","TestResources_UpdateAssetGroupSelectors_SuccessOwned"
"","0","handles specific Active Directory properties differently than Azure derived properties","Formatting number properties","Mon Jan 26 21:58:44 UTC 2026","passed","Mon Jan 26 21:58:44 UTC 2026","","","",""
"Test cases for TestManagementResource_ListAuthTokens_PredicateMismatchWithColumn","0","TestManagementResource_ListAuthTokens_PredicateMismatchWithColumn","","Mon Jan 26 21:57:25 UTC 2026","passed","Mon Jan 26 21:57:25 UTC 2026","","Go Test","github.com/specterops/bloodhound/cmd/api/src/api/v2/auth/TestManagementResource_ListAuthTokens_PredicateMismatchWithColumn","TestManagementResource_ListAuthTokens_PredicateMismatchWithColumn"
"Test cases for TestReadDomainIDandNameAsString","0","TestReadDomainIDandNameAsString","","Mon Jan 26 21:57:20 UTC 2026","passed","Mon Jan 26 21:57:20 UTC 2026","","Go Test","github.com/specterops/bloodhound/packages/go/analysis/ad/internal/nodeprops/TestReadDomainIDandNameAsString","TestReadDomainIDandNameAsString"
"Test cases for TestMarshalFloat","0","TestMarshalFloat","","Mon Jan 26 21:57:01 UTC 2026","passed","Mon Jan 26 21:57:01 UTC 2026","","Go Test","github.com/specterops/bloodhound/cmd/api/src/database/types/null/TestMarshalFloat","TestMarshalFloat"
"Test cases for Test_ParseGraphSortParameters_InvalidSortColumn","0","Test_ParseGraphSortParameters_InvalidSortColumn","","Mon Jan 26 21:56:43 UTC 2026","passed","Mon Jan 26 21:56:43 UTC 2026","","Go Test","github.com/specterops/bloodhound/cmd/api/src/api/Test_ParseGraphSortParameters_InvalidSortColumn","Test_ParseGraphSortParameters_InvalidSortColumn"
"Test cases for Test_UseHarness","0","Test_UseHarness","","Mon Jan 26 21:57:24 UTC 2026","passed","Mon Jan 26 21:57:24 UTC 2026","","Go Test","github.com/specterops/bloodhound/packages/go/lab/Test_UseHarness","Test_UseHarness"
"","130","calls onSort when clicked","ColumnHeaders","Mon Jan 26 22:00:47 UTC 2026","passed","Mon Jan 26 22:00:47 UTC 2026","","SortableHeader","",""
"Test cases for TestUnmarshalInt64Overflow","1","TestUnmarshalInt64Overflow","","Mon Jan 26 21:57:01 UTC 2026","passed","Mon Jan 26 21:57:01 UTC 2026","","Go Test","github.com/specterops/bloodhound/cmd/api/src/database/types/null/TestUnmarshalInt64Overflow","TestUnmarshalInt64Overflow"
"","0","returns the distance between two coordinates","getDistanceBetween","Mon Jan 26 22:02:51 UTC 2026","passed","Mon Jan 26 22:02:51 UTC 2026","","","",""
"","250","toggles parent from none to all","SourceKindsCheckboxes","Mon Jan 26 21:59:06 UTC 2026","passed","Mon Jan 26 21:59:07 UTC 2026","","","",""
"","1932","requires a password to disable MFA for a user when logged in without SSO","Users","Mon Jan 26 21:58:57 UTC 2026","passed","Mon Jan 26 21:58:59 UTC 2026","","","",""
"","0","The user has yet to type into the search (for OU and Domain searches that have hard coded types)","Getting the text for the disabled item display for a search when there are no results","Mon Jan 26 21:59:49 UTC 2026","passed","Mon Jan 26 21:59:49 UTC 2026","","Empty data states","",""
"Test cases for TestAuth_CreateSSOSession","0","TestAuth_CreateSSOSession","","Mon Jan 26 21:56:55 UTC 2026","passed","Mon Jan 26 21:56:55 UTC 2026","","Go Test","github.com/specterops/bloodhound/cmd/api/src/api/v2/auth/TestAuth_CreateSSOSession","TestAuth_CreateSSOSession"
"Test cases for TestManagementResource_DeleteUser_BadUserID","0","TestManagementResource_DeleteUser_BadUserID","","Mon Jan 26 21:57:17 UTC 2026","passed","Mon Jan 26 21:57:17 UTC 2026","","Go Test","github.com/specterops/bloodhound/cmd/api/src/api/v2/auth/TestManagementResource_DeleteUser_BadUserID","TestManagementResource_DeleteUser_BadUserID"
"Test cases for TestError","0","TestError","","Mon Jan 26 21:56:43 UTC 2026","passed","Mon Jan 26 21:56:43 UTC 2026","","Go Test","github.com/specterops/bloodhound/cmd/api/src/api/TestError","TestError"
"Test cases for TestResources_ListAuditLogs_InvalidPredicate","0","TestResources_ListAuditLogs_InvalidPredicate","","Mon Jan 26 21:56:55 UTC 2026","passed","Mon Jan 26 21:56:55 UTC 2026","","Go Test","github.com/specterops/bloodhound/cmd/api/src/api/v2/TestResources_ListAuditLogs_InvalidPredicate","TestResources_ListAuditLogs_InvalidPredicate"
"","54","should hide Environmental Targeted Access Control panel when showEnvironmentAccessControls prop is false","CreateUserForm","Mon Jan 26 21:58:09 UTC 2026","passed","Mon Jan 26 21:58:09 UTC 2026","","","",""
"","48","Should display a list of the asset group members","AssetGroupMemberList","Mon Jan 26 22:01:03 UTC 2026","passed","Mon Jan 26 22:01:03 UTC 2026","","","",""
"","67","when there is no ID in the URL the highest position tag ID is returned","usePZQueryParams","Mon Jan 26 21:59:52 UTC 2026","passed","Mon Jan 26 21:59:52 UTC 2026","","","",""
"Test cases for TestServeHTTP_Success","0","TestServeHTTP_Success","","Mon Jan 26 21:56:47 UTC 2026","passed","Mon Jan 26 21:56:47 UTC 2026","","Go Test","github.com/specterops/bloodhound/cmd/api/src/api/middleware/TestServeHTTP_Success","TestServeHTTP_Success"
"","427","calls handleFilterChange when a node type is selected","AssetGroupEdit","Mon Jan 26 21:58:31 UTC 2026","passed","Mon Jan 26 21:58:31 UTC 2026","","Node Type dropdown filter","",""
"Test cases for TestIntIsZero","0","TestIntIsZero","","Mon Jan 26 21:57:01 UTC 2026","passed","Mon Jan 26 21:57:01 UTC 2026","","Go Test","github.com/specterops/bloodhound/cmd/api/src/database/types/null/TestIntIsZero","TestIntIsZero"
"Test cases for TestBHCEStaticHandler","35","TestBHCEStaticHandler","","Mon Jan 26 21:56:48 UTC 2026","passed","Mon Jan 26 21:56:48 UTC 2026","","Go Test","github.com/specterops/bloodhound/cmd/api/src/api/static/TestBHCEStaticHandler","TestBHCEStaticHandler"
"","120","renders Empty when items is undefined and Empty is provided","<DetailsAccordion />","Mon Jan 26 21:58:21 UTC 2026","passed","Mon Jan 26 21:58:21 UTC 2026","","","",""
"","185","renders an interactive version when preview is set to false","PrivilegeZonesCypherEditor Search component for Zone Management","Mon Jan 26 22:00:41 UTC 2026","passed","Mon Jan 26 22:00:41 UTC 2026","","","",""
"","0","returns null if paramValue is ''","useEnvironmentParams","Mon Jan 26 22:01:45 UTC 2026","passed","Mon Jan 26 22:01:45 UTC 2026","","parseEnvironmentAggregation","",""
"Test cases for TestResources_CreateAssetGroupTagSelector","3","TestResources_CreateAssetGroupTagSelector","","Mon Jan 26 21:56:55 UTC 2026","passed","Mon Jan 26 21:56:55 UTC 2026","","Go Test","github.com/specterops/bloodhound/cmd/api/src/api/v2/TestResources_CreateAssetGroupTagSelector","TestResources_CreateAssetGroupTagSelector"
"","300","fires click handlers","ConfirmDeleteQueryDialog","Mon Jan 26 22:01:39 UTC 2026","passed","Mon Jan 26 22:01:40 UTC 2026","","","",""
"","321","should display correctly","DeleteConfirmationDialog","Mon Jan 26 22:01:16 UTC 2026","passed","Mon Jan 26 22:01:16 UTC 2026","","","",""
"Test cases for TestConvertDomainToNode_DomainInvalidProperties","0","TestConvertDomainToNode_DomainInvalidProperties","","Mon Jan 26 21:57:23 UTC 2026","passed","Mon Jan 26 21:57:23 UTC 2026","","Go Test","github.com/specterops/bloodhound/packages/go/ein/TestConvertDomainToNode_DomainInvalidProperties","TestConvertDomainToNode_DomainInvalidProperties"
"","0","fails for password shorter than 12 characters","testPassword","Mon Jan 26 22:01:46 UTC 2026","passed","Mon Jan 26 22:01:46 UTC 2026","","","",""
"","186","fires runQuery in context provider","ListItemActionMenu","Mon Jan 26 22:00:18 UTC 2026","passed","Mon Jan 26 22:00:18 UTC 2026","","","",""
"","4","does not return when label limit is not reached","useTagLimits","Mon Jan 26 21:58:01 UTC 2026","passed","Mon Jan 26 21:58:01 UTC 2026","","","",""
"","19","tag members refetches on environment change","the useAssetGroupTags utilities","Mon Jan 26 21:58:25 UTC 2026","passed","Mon Jan 26 21:58:25 UTC 2026","","","",""
"","70","should display ""Password"" input","Enable2FADialog","Mon Jan 26 22:00:26 UTC 2026","passed","Mon Jan 26 22:00:26 UTC 2026","","","",""
"","19","should display hidden label for hidden edge","EdgeInfoHeader","Mon Jan 26 22:00:25 UTC 2026","passed","Mon Jan 26 22:00:25 UTC 2026","","","",""
"Test cases for TestWriteResponseWrapperWithTimeWindowAndPagination","0","TestWriteResponseWrapperWithTimeWindowAndPagination","","Mon Jan 26 21:56:43 UTC 2026","passed","Mon Jan 26 21:56:43 UTC 2026","","Go Test","github.com/specterops/bloodhound/cmd/api/src/api/TestWriteResponseWrapperWithTimeWindowAndPagination","TestWriteResponseWrapperWithTimeWindowAndPagination"
"","65","applies the given filters","useFinishedJobs","Mon Jan 26 21:59:12 UTC 2026","passed","Mon Jan 26 21:59:12 UTC 2026","","","",""
"","842","displays must be new password error messages when current password is the same as new password","PasswordDialog","Mon Jan 26 21:57:56 UTC 2026","passed","Mon Jan 26 21:57:57 UTC 2026","","","",""
"","6","should recognize active directory properties","validating a node property against the shared generated schema","Mon Jan 26 21:58:44 UTC 2026","passed","Mon Jan 26 21:58:44 UTC 2026","","","",""
"","154","invokes handleFilterChange with eq:false when clicked and custom_member filter is on","AssetGroupEdit","Mon Jan 26 21:58:31 UTC 2026","passed","Mon Jan 26 21:58:32 UTC 2026","","Custom Member checkbox filter","",""
"","14","upon performing a search, updates the url params with the base64-encoded current query and sets searchType to 'cypher'","useCypherSearch","Mon Jan 26 22:01:22 UTC 2026","passed","Mon Jan 26 22:01:22 UTC 2026","","","",""
"","486","renders correctly with requiresCurrentPassword false","PasswordDialog","Mon Jan 26 21:57:52 UTC 2026","passed","Mon Jan 26 21:57:53 UTC 2026","","","",""
"","142","navigates to previous history entry when warning dialog is cancelled","EarlyAccessFeatures","Mon Jan 26 22:02:34 UTC 2026","passed","Mon Jan 26 22:02:34 UTC 2026","","","",""
"Test cases for TestManagementResource_CreateOIDCProvider","0","TestManagementResource_CreateOIDCProvider","","Mon Jan 26 21:57:43 UTC 2026","passed","Mon Jan 26 21:57:43 UTC 2026","","Go Test","github.com/specterops/bloodhound/cmd/api/src/api/v2/auth/TestManagementResource_CreateOIDCProvider","TestManagementResource_CreateOIDCProvider"
"","216","handles adding to non-tier-zero asset group","AssetGroupMenuItem","Mon Jan 26 22:02:13 UTC 2026","passed","Mon Jan 26 22:02:14 UTC 2026","","adding to an asset group","",""
"","1934","should clear out the SSO Provider id from submission data when the authentication method is changed","CreateUserDialog","Mon Jan 26 21:58:06 UTC 2026","passed","Mon Jan 26 21:58:08 UTC 2026","","","",""
"Test cases for TestManagementResource_PutUserAuthSecret","7082","TestManagementResource_PutUserAuthSecret","","Mon Jan 26 21:56:55 UTC 2026","passed","Mon Jan 26 21:57:02 UTC 2026","","Go Test","github.com/specterops/bloodhound/cmd/api/src/api/v2/auth/TestManagementResource_PutUserAuthSecret","TestManagementResource_PutUserAuthSecret"
"Test cases for TestUnmarshalInt64","0","TestUnmarshalInt64","","Mon Jan 26 21:57:01 UTC 2026","passed","Mon Jan 26 21:57:01 UTC 2026","","Go Test","github.com/specterops/bloodhound/cmd/api/src/database/types/null/TestUnmarshalInt64","TestUnmarshalInt64"
"","182","handles close event","ImportQueryDialog","Mon Jan 26 22:01:38 UTC 2026","passed","Mon Jan 26 22:01:38 UTC 2026","","","",""
"Test cases for TestDomainSelectors_GetFilterableColumns","0","TestDomainSelectors_GetFilterableColumns","","Mon Jan 26 21:57:02 UTC 2026","passed","Mon Jan 26 21:57:02 UTC 2026","","Go Test","github.com/specterops/bloodhound/cmd/api/src/model/TestDomainSelectors_GetFilterableColumns","TestDomainSelectors_GetFilterableColumns"
"Test cases for TestMatches_FailureModel","0","TestMatches_FailureModel","","Mon Jan 26 21:57:02 UTC 2026","passed","Mon Jan 26 21:57:02 UTC 2026","","Go Test","github.com/specterops/bloodhound/cmd/api/src/model/TestMatches_FailureModel","TestMatches_FailureModel"
"Test cases for FuzzFoldl","0","FuzzFoldl","","Mon Jan 26 21:57:38 UTC 2026","passed","Mon Jan 26 21:57:38 UTC 2026","","Go Test","github.com/specterops/bloodhound/packages/go/slicesext/FuzzFoldl","FuzzFoldl"
"Test cases for TestResources_ShareSavedQueriesPermissions_Admin","10","TestResources_ShareSavedQueriesPermissions_Admin","","Mon Jan 26 21:56:55 UTC 2026","passed","Mon Jan 26 21:56:55 UTC 2026","","Go Test","github.com/specterops/bloodhound/cmd/api/src/api/v2/TestResources_ShareSavedQueriesPermissions_Admin","TestResources_ShareSavedQueriesPermissions_Admin"
"","100","renders a button when actor is not BloodHoundString and note exists","NoteCell component","Mon Jan 26 22:00:27 UTC 2026","passed","Mon Jan 26 22:00:27 UTC 2026","","","",""
"","223","dispatches an action to the delete the associated node","Rule Object Select","Mon Jan 26 22:00:31 UTC 2026","passed","Mon Jan 26 22:00:31 UTC 2026","","","",""
"Test cases for TestTagScanner_NextTopLevelTag","0","TestTagScanner_NextTopLevelTag","","Mon Jan 26 21:57:09 UTC 2026","passed","Mon Jan 26 21:57:09 UTC 2026","","Go Test","github.com/specterops/bloodhound/cmd/api/src/services/upload/TestTagScanner_NextTopLevelTag","TestTagScanner_NextTopLevelTag"
"","0","returns null if paramValue is undefined","useEnvironmentParams","Mon Jan 26 22:01:45 UTC 2026","passed","Mon Jan 26 22:01:45 UTC 2026","","parseEnvironmentAggregation","",""
"Test cases for TestManagementResource_EnableUserSAML","0","TestManagementResource_EnableUserSAML","","Mon Jan 26 21:57:02 UTC 2026","passed","Mon Jan 26 21:57:02 UTC 2026","","Go Test","github.com/specterops/bloodhound/cmd/api/src/api/v2/auth/TestManagementResource_EnableUserSAML","TestManagementResource_EnableUserSAML"
"Test cases for TestResources_GetEnterpriseCAEntityInfo","206","TestResources_GetEnterpriseCAEntityInfo","","Mon Jan 26 21:56:55 UTC 2026","passed","Mon Jan 26 21:56:55 UTC 2026","","Go Test","github.com/specterops/bloodhound/cmd/api/src/api/v2/TestResources_GetEnterpriseCAEntityInfo","TestResources_GetEnterpriseCAEntityInfo"
"","3","Default label and sizing are used when graph of origin does not specify","copySigmaNodesToGraphlibGraph","Mon Jan 26 22:02:44 UTC 2026","passed","Mon Jan 26 22:02:44 UTC 2026","","","",""
"","78","buttons are disabled while loading","PasswordResetForm","Mon Jan 26 21:59:23 UTC 2026","passed","Mon Jan 26 21:59:23 UTC 2026","","","",""
"Test cases for TestResources_ListADUserSQLAdminRights","1","TestResources_ListADUserSQLAdminRights","","Mon Jan 26 21:56:55 UTC 2026","passed","Mon Jan 26 21:56:55 UTC 2026","","Go Test","github.com/specterops/bloodhound/cmd/api/src/api/v2/TestResources_ListADUserSQLAdminRights","TestResources_ListADUserSQLAdminRights"
"Test cases for Test_runMaybeCachedEntityQuery","0","Test_runMaybeCachedEntityQuery","","Mon Jan 26 21:57:04 UTC 2026","passed","Mon Jan 26 21:57:04 UTC 2026","","Go Test","github.com/specterops/bloodhound/cmd/api/src/queries/Test_runMaybeCachedEntityQuery","Test_runMaybeCachedEntityQuery"
"","369","displays an autofocused text input","SearchCurrentNodes","Mon Jan 26 21:59:52 UTC 2026","passed","Mon Jan 26 21:59:53 UTC 2026","","","",""
"Test cases for TestParseGroupMiscData","1","TestParseGroupMiscData","","Mon Jan 26 21:57:23 UTC 2026","passed","Mon Jan 26 21:57:23 UTC 2026","","Go Test","github.com/specterops/bloodhound/packages/go/ein/TestParseGroupMiscData","TestParseGroupMiscData"
"","176","shows a table with finished jobs","FileIngestTable","Mon Jan 26 21:59:20 UTC 2026","passed","Mon Jan 26 21:59:20 UTC 2026","","","",""
"Test cases for TestAuditLogin_UserNotFound","0","TestAuditLogin_UserNotFound","","Mon Jan 26 21:56:42 UTC 2026","passed","Mon Jan 26 21:56:42 UTC 2026","","Go Test","github.com/specterops/bloodhound/cmd/api/src/api/TestAuditLogin_UserNotFound","TestAuditLogin_UserNotFound"
"Test cases for TestResources_DownloadCollectorChecksumByVersion","1","TestResources_DownloadCollectorChecksumByVersion","","Mon Jan 26 21:56:55 UTC 2026","passed","Mon Jan 26 21:56:55 UTC 2026","","Go Test","github.com/specterops/bloodhound/cmd/api/src/api/v2/TestResources_DownloadCollectorChecksumByVersion","TestResources_DownloadCollectorChecksumByVersion"
"","219","should render a nav element with logo, two lists, a version number and a powered by","MainNav","Mon Jan 26 21:58:12 UTC 2026","passed","Mon Jan 26 21:58:12 UTC 2026","","","",""
"","1487","renders","DatabaseManagement","Mon Jan 26 22:02:20 UTC 2026","passed","Mon Jan 26 22:02:22 UTC 2026","","","",""
"","1240","sets input text on date click","ManagedDatePicker - date validation","Mon Jan 26 21:59:30 UTC 2026","passed","Mon Jan 26 21:59:31 UTC 2026","","","",""
"Test cases for TestWriteResultRawJson","0","TestWriteResultRawJson","","Mon Jan 26 21:57:17 UTC 2026","passed","Mon Jan 26 21:57:17 UTC 2026","","Go Test","github.com/specterops/bloodhound/cmd/api/src/utils/TestWriteResultRawJson","TestWriteResultRawJson"
"Test cases for TestLoginResource_Logout","6","TestLoginResource_Logout","","Mon Jan 26 21:57:43 UTC 2026","passed","Mon Jan 26 21:57:43 UTC 2026","","Go Test","github.com/specterops/bloodhound/cmd/api/src/api/v2/auth/TestLoginResource_Logout","TestLoginResource_Logout"
"","83","copys children value to clipboard after clicking the copy btn","CodeController","Mon Jan 26 22:01:31 UTC 2026","passed","Mon Jan 26 22:01:31 UTC 2026","","","",""
"Test cases for TestParseAGMembersFromNodes_","0","TestParseAGMembersFromNodes_","","Mon Jan 26 21:56:55 UTC 2026","passed","Mon Jan 26 21:56:55 UTC 2026","","Go Test","github.com/specterops/bloodhound/cmd/api/src/api/v2/TestParseAGMembersFromNodes_","TestParseAGMembersFromNodes_"
"","121","should navigate to the correct page on alt + digit keydown","Keyboard shortcuts","Mon Jan 26 21:58:13 UTC 2026","passed","Mon Jan 26 21:58:13 UTC 2026","","","",""
"Test cases for TestResources_StartIngestJob","79","TestResources_StartIngestJob","","Mon Jan 26 21:56:55 UTC 2026","passed","Mon Jan 26 21:56:55 UTC 2026","","Go Test","github.com/specterops/bloodhound/cmd/api/src/api/v2/TestResources_StartIngestJob","TestResources_StartIngestJob"
"Test cases for TestCache_FillFifo","0","TestCache_FillFifo","","Mon Jan 26 21:57:22 UTC 2026","passed","Mon Jan 26 21:57:22 UTC 2026","","Go Test","github.com/specterops/bloodhound/packages/go/cache/TestCache_FillFifo","TestCache_FillFifo"
"Test cases for TestDisenrollMFA_Admin_Success","4826","TestDisenrollMFA_Admin_Success","","Mon Jan 26 21:57:33 UTC 2026","passed","Mon Jan 26 21:57:38 UTC 2026","","Go Test","github.com/specterops/bloodhound/cmd/api/src/api/v2/auth/TestDisenrollMFA_Admin_Success","TestDisenrollMFA_Admin_Success"
"Test cases for TestParseAGMembersFromNodes_MissingNodeProperties","3","TestParseAGMembersFromNodes_MissingNodeProperties","","Mon Jan 26 21:56:55 UTC 2026","passed","Mon Jan 26 21:56:55 UTC 2026","","Go Test","github.com/specterops/bloodhound/cmd/api/src/api/v2/TestParseAGMembersFromNodes_MissingNodeProperties","TestParseAGMembersFromNodes_MissingNodeProperties"
"","11","applies animation class to the title","ProcessingIndicator","Mon Jan 26 22:01:46 UTC 2026","passed","Mon Jan 26 22:01:46 UTC 2026","","","",""
"Test cases for TestGenericAssign","0","TestGenericAssign","","Mon Jan 26 21:57:17 UTC 2026","passed","Mon Jan 26 21:57:17 UTC 2026","","Go Test","github.com/specterops/bloodhound/cmd/api/src/utils/TestGenericAssign","TestGenericAssign"
"Test cases for TestResources_DeleteSavedQuery_DBError","0","TestResources_DeleteSavedQuery_DBError","","Mon Jan 26 21:56:55 UTC 2026","passed","Mon Jan 26 21:56:55 UTC 2026","","Go Test","github.com/specterops/bloodhound/cmd/api/src/api/v2/TestResources_DeleteSavedQuery_DBError","TestResources_DeleteSavedQuery_DBError"
"","498","should render saml info provider","SSOProviderTable","Mon Jan 26 22:00:15 UTC 2026","passed","Mon Jan 26 22:00:16 UTC 2026","","","",""
"","1693","should close the edge filtering dialog when user clicks apply button","EdgeFilter","Mon Jan 26 21:59:32 UTC 2026","passed","Mon Jan 26 21:59:34 UTC 2026","","","",""
"","3","formats the date string","toFormatted","Mon Jan 26 22:01:04 UTC 2026","passed","Mon Jan 26 22:01:04 UTC 2026","","","",""
"","251","Displays a notification when analysis has been requested successfully","AnalyzeNowConfiguration","Mon Jan 26 21:58:48 UTC 2026","passed","Mon Jan 26 21:58:48 UTC 2026","","","",""
"Test cases for TestDomainSelectors_GetFilterCriteria_Domain","0","TestDomainSelectors_GetFilterCriteria_Domain","","Mon Jan 26 21:57:02 UTC 2026","passed","Mon Jan 26 21:57:02 UTC 2026","","Go Test","github.com/specterops/bloodhound/cmd/api/src/model/TestDomainSelectors_GetFilterCriteria_Domain","TestDomainSelectors_GetFilterCriteria_Domain"
"","81","renders a dash when actor is BloodHoundString","NoteCell component","Mon Jan 26 22:00:27 UTC 2026","passed","Mon Jan 26 22:00:27 UTC 2026","","","",""
"Test cases for TestParsePreferHeaderWait","0","TestParsePreferHeaderWait","","Mon Jan 26 21:56:47 UTC 2026","passed","Mon Jan 26 21:56:47 UTC 2026","","Go Test","github.com/specterops/bloodhound/cmd/api/src/api/middleware/TestParsePreferHeaderWait","TestParsePreferHeaderWait"
"","357","renders","EarlyAccessFeaturesWarningDialog","Mon Jan 26 22:02:54 UTC 2026","passed","Mon Jan 26 22:02:54 UTC 2026","","","",""
"Test cases for TestSignRequestSuccess","0","TestSignRequestSuccess","","Mon Jan 26 21:56:43 UTC 2026","passed","Mon Jan 26 21:56:43 UTC 2026","","Go Test","github.com/specterops/bloodhound/cmd/api/src/api/TestSignRequestSuccess","TestSignRequestSuccess"
"","3","determines glyphs with the tier_managent_engine feature flag disabled","getNodeGlyphs","Mon Jan 26 22:02:25 UTC 2026","passed","Mon Jan 26 22:02:25 UTC 2026","","","",""
"","0","fails for password without digits","testPassword","Mon Jan 26 22:01:46 UTC 2026","passed","Mon Jan 26 22:01:46 UTC 2026","","","",""
"Test cases for TestResources_ListADGPOAffectedContainers","0","TestResources_ListADGPOAffectedContainers","","Mon Jan 26 21:56:55 UTC 2026","passed","Mon Jan 26 21:56:55 UTC 2026","","Go Test","github.com/specterops/bloodhound/cmd/api/src/api/v2/TestResources_ListADGPOAffectedContainers","TestResources_ListADGPOAffectedContainers"
"Test cases for TestFloatEqual","0","TestFloatEqual","","Mon Jan 26 21:57:01 UTC 2026","passed","Mon Jan 26 21:57:01 UTC 2026","","Go Test","github.com/specterops/bloodhound/cmd/api/src/database/types/null/TestFloatEqual","TestFloatEqual"
"","0","returns undefined if graphData is {} or not a GraphResponse","getExploreTableData","Mon Jan 26 21:59:42 UTC 2026","passed","Mon Jan 26 21:59:42 UTC 2026","","","",""
"Test cases for TestGenerateRandomBase64String","0","TestGenerateRandomBase64String","","Mon Jan 26 21:56:57 UTC 2026","passed","Mon Jan 26 21:56:57 UTC 2026","","Go Test","github.com/specterops/bloodhound/cmd/api/src/config/TestGenerateRandomBase64String","TestGenerateRandomBase64String"
"","10","disables the upload button and does not populate a table if the user lacks the permission","File Upload","Mon Jan 26 21:59:16 UTC 2026","passed","Mon Jan 26 21:59:16 UTC 2026","","","",""
"","115","renders with a selected icon","Glyph Select Dialog","Mon Jan 26 22:01:23 UTC 2026","passed","Mon Jan 26 22:01:23 UTC 2026","","","",""
"","469","calls onToggleNodeLabels when click show all node labels","GraphControls","Mon Jan 26 21:58:12 UTC 2026","passed","Mon Jan 26 21:58:13 UTC 2026","","Toggling labels","",""
"","386","renders headers","CommonSearches","Mon Jan 26 21:58:27 UTC 2026","passed","Mon Jan 26 21:58:28 UTC 2026","","","",""
"","91","returns an object with values for assetGroupTagId, params, and setPZQueryParams","usePZQueryParams","Mon Jan 26 21:59:52 UTC 2026","passed","Mon Jan 26 21:59:52 UTC 2026","","","",""
"","2009","should close the edge filtering dialog when user clicks cancel button","EdgeFilter","Mon Jan 26 21:59:30 UTC 2026","passed","Mon Jan 26 21:59:32 UTC 2026","","","",""
"Test cases for TestIntFrom","0","TestIntFrom","","Mon Jan 26 21:57:01 UTC 2026","passed","Mon Jan 26 21:57:01 UTC 2026","","Go Test","github.com/specterops/bloodhound/cmd/api/src/database/types/null/TestIntFrom","TestIntFrom"
"Test cases for TestResources_ListAssetGroupCollections","1","TestResources_ListAssetGroupCollections","","Mon Jan 26 21:56:55 UTC 2026","passed","Mon Jan 26 21:56:55 UTC 2026","","Go Test","github.com/specterops/bloodhound/cmd/api/src/api/v2/TestResources_ListAssetGroupCollections","TestResources_ListAssetGroupCollections"
"Test cases for TestUpdateAssetGroupRequest_AuditData","0","TestUpdateAssetGroupRequest_AuditData","","Mon Jan 26 21:56:55 UTC 2026","passed","Mon Jan 26 21:56:55 UTC 2026","","Go Test","github.com/specterops/bloodhound/cmd/api/src/api/v2/TestUpdateAssetGroupRequest_AuditData","TestUpdateAssetGroupRequest_AuditData"
"","35","should display hidden node label for hidden node","EntityInfoHeader","Mon Jan 26 22:00:05 UTC 2026","passed","Mon Jan 26 22:00:05 UTC 2026","","","",""
"","60","returns the full environment of the environmentId found in the search params","useAvailableEnvironments","Mon Jan 26 22:00:51 UTC 2026","passed","Mon Jan 26 22:00:51 UTC 2026","","useSelectedEnvironment","",""
"Test cases for TestResources_ListADComputerAdmins","0","TestResources_ListADComputerAdmins","","Mon Jan 26 21:56:55 UTC 2026","passed","Mon Jan 26 21:56:55 UTC 2026","","Go Test","github.com/specterops/bloodhound/cmd/api/src/api/v2/TestResources_ListADComputerAdmins","TestResources_ListADComputerAdmins"
"","10342","checking a subcategory updates all children (edge types) in its group","Pathfinding","Mon Jan 26 21:59:10 UTC 2026","passed","Mon Jan 26 21:59:21 UTC 2026","","","",""
"","363","renders no asset group edit options without graph write permissions","ContextMenu","Mon Jan 26 21:58:21 UTC 2026","passed","Mon Jan 26 21:58:22 UTC 2026","","","",""
"Test cases for TestGC_Name","0","TestGC_Name","","Mon Jan 26 21:57:00 UTC 2026","passed","Mon Jan 26 21:57:00 UTC 2026","","Go Test","github.com/specterops/bloodhound/cmd/api/src/daemons/gc/TestGC_Name","TestGC_Name"
"Test cases for TestParseGPOData","1","TestParseGPOData","","Mon Jan 26 21:57:23 UTC 2026","passed","Mon Jan 26 21:57:23 UTC 2026","","Go Test","github.com/specterops/bloodhound/packages/go/ein/TestParseGPOData","TestParseGPOData"
"Test cases for TestRequestWaitDuration_Failure","0","TestRequestWaitDuration_Failure","","Mon Jan 26 21:56:47 UTC 2026","passed","Mon Jan 26 21:56:47 UTC 2026","","Go Test","github.com/specterops/bloodhound/cmd/api/src/api/middleware/TestRequestWaitDuration_Failure","TestRequestWaitDuration_Failure"
"","72","should render a Field when the provided value is false","Field","Mon Jan 26 22:01:18 UTC 2026","passed","Mon Jan 26 22:01:18 UTC 2026","","","",""
"Test cases for TestFilterStructSlice","0","TestFilterStructSlice","","Mon Jan 26 21:56:42 UTC 2026","passed","Mon Jan 26 21:56:42 UTC 2026","","Go Test","github.com/specterops/bloodhound/cmd/api/src/api/TestFilterStructSlice","TestFilterStructSlice"
"","24","when `selectedItem` is null, the combobox does not display an icon","icon rendering","Mon Jan 26 21:58:41 UTC 2026","passed","Mon Jan 26 21:58:41 UTC 2026","","","",""
"Test cases for Test_setRawValue","0","Test_setRawValue","","Mon Jan 26 21:56:57 UTC 2026","passed","Mon Jan 26 21:56:57 UTC 2026","","Go Test","github.com/specterops/bloodhound/cmd/api/src/config/Test_setRawValue","Test_setRawValue"
"Test cases for Test_formatSearchResults_sorting","0","Test_formatSearchResults_sorting","","Mon Jan 26 21:57:04 UTC 2026","passed","Mon Jan 26 21:57:04 UTC 2026","","Go Test","github.com/specterops/bloodhound/cmd/api/src/queries/Test_formatSearchResults_sorting","Test_formatSearchResults_sorting"
"Test cases for TestIsValidContentTypeForUpload","0","TestIsValidContentTypeForUpload","","Mon Jan 26 21:56:55 UTC 2026","passed","Mon Jan 26 21:56:55 UTC 2026","","Go Test","github.com/specterops/bloodhound/cmd/api/src/api/v2/TestIsValidContentTypeForUpload","TestIsValidContentTypeForUpload"
"","431","displays a validation error","ManagedDatePicker - date validation","Mon Jan 26 21:59:31 UTC 2026","passed","Mon Jan 26 21:59:31 UTC 2026","","","",""
"","182","onCancel is called when cancel is clicked","Enable2FADialog","Mon Jan 26 21:59:37 UTC 2026","passed","Mon Jan 26 21:59:37 UTC 2026","","","",""
"","313","renders total rules and accordion sections","RulesAccordion","Mon Jan 26 22:00:15 UTC 2026","passed","Mon Jan 26 22:00:15 UTC 2026","","","",""
"Test cases for TestTypes_Scan_Success","0","TestTypes_Scan_Success","","Mon Jan 26 21:57:01 UTC 2026","passed","Mon Jan 26 21:57:01 UTC 2026","","Go Test","github.com/specterops/bloodhound/cmd/api/src/database/types/TestTypes_Scan_Success","TestTypes_Scan_Success"
"","142","renders the glyph form input when the editing a zone that is not the highest privileged","Tag Form","Mon Jan 26 21:57:35 UTC 2026","passed","Mon Jan 26 21:57:35 UTC 2026","","","",""
"","5","should not render a Field when the provided value is """"","Field","Mon Jan 26 22:01:18 UTC 2026","passed","Mon Jan 26 22:01:18 UTC 2026","","","",""
"","60","passes data to testing component","SavedQueriesProvider","Mon Jan 26 22:01:29 UTC 2026","passed","Mon Jan 26 22:01:29 UTC 2026","","","",""
"Test cases for TestManagementResource_UpdateUser_GetRolesError","841","TestManagementResource_UpdateUser_GetRolesError","","Mon Jan 26 21:57:13 UTC 2026","passed","Mon Jan 26 21:57:14 UTC 2026","","Go Test","github.com/specterops/bloodhound/cmd/api/src/api/v2/auth/TestManagementResource_UpdateUser_GetRolesError","TestManagementResource_UpdateUser_GetRolesError"
"Test cases for TestGetVersion","0","TestGetVersion","","Mon Jan 26 21:56:55 UTC 2026","passed","Mon Jan 26 21:56:55 UTC 2026","","Go Test","github.com/specterops/bloodhound/cmd/api/src/api/v2/TestGetVersion","TestGetVersion"
"Test cases for TestStringFrom","0","TestStringFrom","","Mon Jan 26 21:57:01 UTC 2026","passed","Mon Jan 26 21:57:01 UTC 2026","","Go Test","github.com/specterops/bloodhound/cmd/api/src/database/types/null/TestStringFrom","TestStringFrom"
"","169","a name value is required to submit the form","Rule Form","Mon Jan 26 21:57:53 UTC 2026","passed","Mon Jan 26 21:57:53 UTC 2026","","","",""
"","286","should render a TagToZoneLabelDialog component","TagToZoneLabelDialog","Mon Jan 26 21:59:41 UTC 2026","passed","Mon Jan 26 21:59:41 UTC 2026","","","",""
"Test cases for TestTimeEqual","0","TestTimeEqual","","Mon Jan 26 21:57:01 UTC 2026","passed","Mon Jan 26 21:57:01 UTC 2026","","Go Test","github.com/specterops/bloodhound/cmd/api/src/database/types/null/TestTimeEqual","TestTimeEqual"
"","12","disables useAvailableEnvironment and does not attempt calling handleInitialEnvironment if queryOptions.enabled","useInitialEnvironment","Mon Jan 26 22:00:39 UTC 2026","passed","Mon Jan 26 22:00:39 UTC 2026","","","",""
"Test cases for TestQueries_BuildEntityQueryParams","0","TestQueries_BuildEntityQueryParams","","Mon Jan 26 21:57:04 UTC 2026","passed","Mon Jan 26 21:57:04 UTC 2026","","Go Test","github.com/specterops/bloodhound/cmd/api/src/queries/TestQueries_BuildEntityQueryParams","TestQueries_BuildEntityQueryParams"
"","246","Displays a notification when an error happened when requesting analysis","AnalyzeNowConfiguration","Mon Jan 26 21:58:48 UTC 2026","passed","Mon Jan 26 21:58:48 UTC 2026","","","",""
"Test cases for Test_ParseAndValidatePayload","7","Test_ParseAndValidatePayload","","Mon Jan 26 21:57:09 UTC 2026","passed","Mon Jan 26 21:57:09 UTC 2026","","Go Test","github.com/specterops/bloodhound/cmd/api/src/services/upload/Test_ParseAndValidatePayload","Test_ParseAndValidatePayload"
"Test cases for TestTimeIsZero","0","TestTimeIsZero","","Mon Jan 26 21:57:01 UTC 2026","passed","Mon Jan 26 21:57:01 UTC 2026","","Go Test","github.com/specterops/bloodhound/cmd/api/src/database/types/null/TestTimeIsZero","TestTimeIsZero"
"","1","reports an API error when Cypher is not run first","handleError","Mon Jan 26 22:00:20 UTC 2026","passed","Mon Jan 26 22:00:20 UTC 2026","","","",""
"","83","calls getAssetGroupTags for topTagId","DetailsRoot","Mon Jan 26 22:01:49 UTC 2026","passed","Mon Jan 26 22:01:49 UTC 2026","","","",""
"","3","returns true when WebGL is available in the current browser context","WebGL compatibility check","Mon Jan 26 22:01:53 UTC 2026","passed","Mon Jan 26 22:01:53 UTC 2026","","","",""
"Test cases for Test_FixtureTeardown","0","Test_FixtureTeardown","","Mon Jan 26 21:57:24 UTC 2026","passed","Mon Jan 26 21:57:24 UTC 2026","","Go Test","github.com/specterops/bloodhound/packages/go/lab/Test_FixtureTeardown","Test_FixtureTeardown"
"","3","returns false if value is +0","searchParams","Mon Jan 26 22:00:17 UTC 2026","passed","Mon Jan 26 22:00:17 UTC 2026","","isEmptyParam","",""
"","0","returns disabled config when any required param is falsey","useExploreGraph","Mon Jan 26 21:59:08 UTC 2026","passed","Mon Jan 26 21:59:08 UTC 2026","relationship search queries","exploreGraphQueryFactory","",""
"","51","initializes with the given state","useObjectState","Mon Jan 26 22:01:12 UTC 2026","passed","Mon Jan 26 22:01:12 UTC 2026","","","",""
"","143","displays a table of completed ingest logs","FileIngest","Mon Jan 26 22:00:57 UTC 2026","passed","Mon Jan 26 22:00:57 UTC 2026","","","",""
"","1989","Kebab menu click causes the callback function to be called with the correct parameters","ExploreTable","Mon Jan 26 21:57:39 UTC 2026","passed","Mon Jan 26 21:57:41 UTC 2026","","","",""
"Test cases for Test_ValidateGraph","5","Test_ValidateGraph","","Mon Jan 26 21:57:09 UTC 2026","passed","Mon Jan 26 21:57:09 UTC 2026","","Go Test","github.com/specterops/bloodhound/cmd/api/src/services/upload/Test_ValidateGraph","Test_ValidateGraph"
"","71","clicking a disabled header does not toggle content","<DetailsAccordion />","Mon Jan 26 21:58:22 UTC 2026","passed","Mon Jan 26 21:58:22 UTC 2026","","","",""
"Test cases for TestBOMEncoding","1","TestBOMEncoding","","Mon Jan 26 21:57:22 UTC 2026","passed","Mon Jan 26 21:57:22 UTC 2026","","Go Test","github.com/specterops/bloodhound/packages/go/bomenc/TestBOMEncoding","TestBOMEncoding"
"Test cases for TestParseLimitQueryParameter","0","TestParseLimitQueryParameter","","Mon Jan 26 21:56:55 UTC 2026","passed","Mon Jan 26 21:56:55 UTC 2026","","Go Test","github.com/specterops/bloodhound/cmd/api/src/api/v2/TestParseLimitQueryParameter","TestParseLimitQueryParameter"
"Test cases for TestResources_ListADDomainOutboundTrusts","1","TestResources_ListADDomainOutboundTrusts","","Mon Jan 26 21:56:55 UTC 2026","passed","Mon Jan 26 21:56:55 UTC 2026","","Go Test","github.com/specterops/bloodhound/cmd/api/src/api/v2/TestResources_ListADDomainOutboundTrusts","TestResources_ListADDomainOutboundTrusts"
"Test cases for TestResources_GetSavedQuery","69","TestResources_GetSavedQuery","","Mon Jan 26 21:56:55 UTC 2026","passed","Mon Jan 26 21:56:55 UTC 2026","","Go Test","github.com/specterops/bloodhound/cmd/api/src/api/v2/TestResources_GetSavedQuery","TestResources_GetSavedQuery"
"","144","handles removing from a non-tier-zero asset group","AssetGroupMenuItem","Mon Jan 26 22:02:14 UTC 2026","passed","Mon Jan 26 22:02:14 UTC 2026","","removing from an asset group","",""
"","154","a name value is required to submit the form","Tag Form","Mon Jan 26 21:57:36 UTC 2026","passed","Mon Jan 26 21:57:36 UTC 2026","","","",""
"Test cases for TestSIDSuffix_PrependPrefix","0","TestSIDSuffix_PrependPrefix","","Mon Jan 26 21:57:20 UTC 2026","passed","Mon Jan 26 21:57:20 UTC 2026","","Go Test","github.com/specterops/bloodhound/packages/go/analysis/ad/wellknown/TestSIDSuffix_PrependPrefix","TestSIDSuffix_PrependPrefix"
"","7","displays lastlogontimestamp cell as NEVER when the value is -1","ExploreTableDataCell","Mon Jan 26 22:01:05 UTC 2026","passed","Mon Jan 26 22:01:05 UTC 2026","","","",""
"","183","disables checkboxes while loading","SourceKindsCheckboxes","Mon Jan 26 21:59:05 UTC 2026","passed","Mon Jan 26 21:59:06 UTC 2026","","","",""
"","198","calls clickHandler when a line item is clicked","PrebuiltSearchList","Mon Jan 26 22:00:10 UTC 2026","passed","Mon Jan 26 22:00:10 UTC 2026","","","",""
"","151","toggles parent from some to all","SourceKindsCheckboxes","Mon Jan 26 21:59:07 UTC 2026","passed","Mon Jan 26 21:59:07 UTC 2026","","","",""
"","155","updates value when a valid date typed","ManagedDatePicker - value","Mon Jan 26 21:59:32 UTC 2026","passed","Mon Jan 26 21:59:32 UTC 2026","","","",""
"","315","renders icons as expected","DropdownSelector","Mon Jan 26 22:00:36 UTC 2026","passed","Mon Jan 26 22:00:36 UTC 2026","","","",""
"Test cases for TestUnmarshalTimeText","0","TestUnmarshalTimeText","","Mon Jan 26 21:57:01 UTC 2026","passed","Mon Jan 26 21:57:01 UTC 2026","","Go Test","github.com/specterops/bloodhound/cmd/api/src/database/types/null/TestUnmarshalTimeText","TestUnmarshalTimeText"
"Test cases for TestQueryParameterFilterParser_ParseQueryParameterFilter","0","TestQueryParameterFilterParser_ParseQueryParameterFilter","","Mon Jan 26 21:57:02 UTC 2026","passed","Mon Jan 26 21:57:02 UTC 2026","","Go Test","github.com/specterops/bloodhound/cmd/api/src/model/TestQueryParameterFilterParser_ParseQueryParameterFilter","TestQueryParameterFilterParser_ParseQueryParameterFilter"
"","1120","when user performs a single node search, the selected node carries over to the `start node` input field on the pathfinding tab","ExploreSearch interaction","Mon Jan 26 22:02:16 UTC 2026","passed","Mon Jan 26 22:02:17 UTC 2026","","","",""
"","600","open and closes dialog with confirm button after user inputs required text","Tag Form","Mon Jan 26 21:57:38 UTC 2026","passed","Mon Jan 26 21:57:39 UTC 2026","","","",""
"","0","runs a cypher search when the query param is set to ""cypher""","useExploreGraph","Mon Jan 26 21:59:08 UTC 2026","passed","Mon Jan 26 21:59:08 UTC 2026","","exploreGraphQueryFactory","",""
"Test cases for TestIntSetValid","0","TestIntSetValid","","Mon Jan 26 21:57:01 UTC 2026","passed","Mon Jan 26 21:57:01 UTC 2026","","Go Test","github.com/specterops/bloodhound/cmd/api/src/database/types/null/TestIntSetValid","TestIntSetValid"
"Test cases for TestQueries_GetEntityResults","0","TestQueries_GetEntityResults","","Mon Jan 26 21:57:04 UTC 2026","passed","Mon Jan 26 21:57:04 UTC 2026","","Go Test","github.com/specterops/bloodhound/cmd/api/src/queries/TestQueries_GetEntityResults","TestQueries_GetEntityResults"
"Test cases for TestTextUnmarshalInt","0","TestTextUnmarshalInt","","Mon Jan 26 21:57:01 UTC 2026","passed","Mon Jan 26 21:57:01 UTC 2026","","Go Test","github.com/specterops/bloodhound/cmd/api/src/database/types/null/TestTextUnmarshalInt","TestTextUnmarshalInt"
"Test cases for TestResources_GetRootCAEntityInfo","206","TestResources_GetRootCAEntityInfo","","Mon Jan 26 21:56:55 UTC 2026","passed","Mon Jan 26 21:56:55 UTC 2026","","Go Test","github.com/specterops/bloodhound/cmd/api/src/api/v2/TestResources_GetRootCAEntityInfo","TestResources_GetRootCAEntityInfo"
"","33","renders the title passed via title prop","ColumnHeaders","Mon Jan 26 22:00:47 UTC 2026","passed","Mon Jan 26 22:00:47 UTC 2026","","SortableHeader","",""
"","101","button displays ""Enabled"" when flag is enabled","EarlyAccessFeatureToggle","Mon Jan 26 22:02:48 UTC 2026","passed","Mon Jan 26 22:02:48 UTC 2026","","","",""
"","858","should hide Environmental Targeted Access Control panel when showEnvironmentAccessControls prop is true and power user role is selected","UpdateUserForm","Mon Jan 26 21:57:44 UTC 2026","passed","Mon Jan 26 21:57:45 UTC 2026","","","",""
"","188","calls onLayoutChange with the selected layout","GraphControls","Mon Jan 26 21:58:14 UTC 2026","passed","Mon Jan 26 21:58:14 UTC 2026","","Selecting a layout","",""
"","88","collapses an open item when its header is clicked again","<DetailsAccordion />","Mon Jan 26 21:58:22 UTC 2026","passed","Mon Jan 26 21:58:22 UTC 2026","","","",""
"","16","function should return 1 when first param is larger, no matter the data type","Compare function for explore table sort","Mon Jan 26 21:59:42 UTC 2026","passed","Mon Jan 26 21:59:42 UTC 2026","","","",""
"","68","sets primarySearch, searchType, exploreSearchTab in URL params when the click handler is executed","useEdgeInfoItems","Mon Jan 26 22:00:00 UTC 2026","passed","Mon Jan 26 22:00:01 UTC 2026","","","",""
"Test cases for TestDatabase_checkError_NotFound","0","TestDatabase_checkError_NotFound","","Mon Jan 26 21:57:01 UTC 2026","passed","Mon Jan 26 21:57:01 UTC 2026","","Go Test","github.com/specterops/bloodhound/cmd/api/src/database/TestDatabase_checkError_NotFound","TestDatabase_checkError_NotFound"
"Test cases for TestResources_UpdateSavedQuery_NotAUserAuth","0","TestResources_UpdateSavedQuery_NotAUserAuth","","Mon Jan 26 21:56:55 UTC 2026","passed","Mon Jan 26 21:56:55 UTC 2026","","Go Test","github.com/specterops/bloodhound/cmd/api/src/api/v2/TestResources_UpdateSavedQuery_NotAUserAuth","TestResources_UpdateSavedQuery_NotAUserAuth"
"Test cases for TestResources_CypherQuery","92","TestResources_CypherQuery","","Mon Jan 26 21:56:55 UTC 2026","passed","Mon Jan 26 21:56:55 UTC 2026","","Go Test","github.com/specterops/bloodhound/cmd/api/src/api/v2/TestResources_CypherQuery","TestResources_CypherQuery"
"Test cases for TestSIDSuffix_String","0","TestSIDSuffix_String","","Mon Jan 26 21:57:20 UTC 2026","passed","Mon Jan 26 21:57:20 UTC 2026","","Go Test","github.com/specterops/bloodhound/packages/go/analysis/ad/wellknown/TestSIDSuffix_String","TestSIDSuffix_String"
"","580","does not allow confirmation while dates are invalid","FileIngestFilterDialog","Mon Jan 26 21:58:16 UTC 2026","passed","Mon Jan 26 21:58:17 UTC 2026","","Date Range Inputs","",""
"","311","calls openOIDCProviderDialog when OIDC Provider menu item is clicked","CreateMenu","Mon Jan 26 21:58:36 UTC 2026","passed","Mon Jan 26 21:58:36 UTC 2026","","oidc_support feature flag enabled","",""
"","89","renders a ListItemActionMenu component","ListItemActionMenu","Mon Jan 26 22:00:17 UTC 2026","passed","Mon Jan 26 22:00:17 UTC 2026","","","",""
"","394","should call onSubmit with one time passcode when check code button clicked","OneTimePasscodeForm","Mon Jan 26 22:01:01 UTC 2026","passed","Mon Jan 26 22:01:02 UTC 2026","","","",""
"","6","updates key in state","useObjectState","Mon Jan 26 22:01:12 UTC 2026","passed","Mon Jan 26 22:01:12 UTC 2026","","","",""
"Test cases for Test_ParseGraphSortParameters_Success","0","Test_ParseGraphSortParameters_Success","","Mon Jan 26 21:56:43 UTC 2026","passed","Mon Jan 26 21:56:43 UTC 2026","","Go Test","github.com/specterops/bloodhound/cmd/api/src/api/Test_ParseGraphSortParameters_Success","Test_ParseGraphSortParameters_Success"
"","1152","renders a table if the query has NO node edges","GraphView","Mon Jan 26 22:02:33 UTC 2026","passed","Mon Jan 26 22:02:34 UTC 2026","","","",""
"Test cases for TestGetPlatformAggregateStats_Failure","5","TestGetPlatformAggregateStats_Failure","","Mon Jan 26 21:56:55 UTC 2026","passed","Mon Jan 26 21:56:55 UTC 2026","","Go Test","github.com/specterops/bloodhound/cmd/api/src/api/v2/TestGetPlatformAggregateStats_Failure","TestGetPlatformAggregateStats_Failure"
"Test cases for TestParseHeaderValues","0","TestParseHeaderValues","","Mon Jan 26 21:56:47 UTC 2026","passed","Mon Jan 26 21:56:47 UTC 2026","","Go Test","github.com/specterops/bloodhound/cmd/api/src/api/middleware/TestParseHeaderValues","TestParseHeaderValues"
"","60","enables pulling an ordered list of tags by position ascending","the useAssetGroupTags utilities","Mon Jan 26 21:58:25 UTC 2026","passed","Mon Jan 26 21:58:25 UTC 2026","","","",""
"","6","should render a Field when the provided value is -0","Field","Mon Jan 26 22:01:18 UTC 2026","passed","Mon Jan 26 22:01:18 UTC 2026","","","",""
"Test cases for TestResources_UpdateSavedQuery_OwnPublicQuery_Success","0","TestResources_UpdateSavedQuery_OwnPublicQuery_Success","","Mon Jan 26 21:56:55 UTC 2026","passed","Mon Jan 26 21:56:55 UTC 2026","","Go Test","github.com/specterops/bloodhound/cmd/api/src/api/v2/TestResources_UpdateSavedQuery_OwnPublicQuery_Success","TestResources_UpdateSavedQuery_OwnPublicQuery_Success"
"Test cases for Test_ParseSortParameters","0","Test_ParseSortParameters","","Mon Jan 26 21:56:43 UTC 2026","passed","Mon Jan 26 21:56:43 UTC 2026","","Go Test","github.com/specterops/bloodhound/cmd/api/src/api/Test_ParseSortParameters","Test_ParseSortParameters"
"Test cases for TestResources_DeleteAssetGroup","0","TestResources_DeleteAssetGroup","","Mon Jan 26 21:56:55 UTC 2026","passed","Mon Jan 26 21:56:55 UTC 2026","","Go Test","github.com/specterops/bloodhound/cmd/api/src/api/v2/TestResources_DeleteAssetGroup","TestResources_DeleteAssetGroup"
"","179","renders a preview version","PrivilegeZonesCypherEditor Search component for Zone Management","Mon Jan 26 22:00:41 UTC 2026","passed","Mon Jan 26 22:00:41 UTC 2026","","","",""
"Test cases for TestResources_GetBaseEntityInfo","171","TestResources_GetBaseEntityInfo","","Mon Jan 26 21:56:55 UTC 2026","passed","Mon Jan 26 21:56:55 UTC 2026","","Go Test","github.com/specterops/bloodhound/cmd/api/src/api/v2/TestResources_GetBaseEntityInfo","TestResources_GetBaseEntityInfo"
"Test cases for TestManagementResource_ServeSigningCertificate","6","TestManagementResource_ServeSigningCertificate","","Mon Jan 26 21:57:43 UTC 2026","passed","Mon Jan 26 21:57:43 UTC 2026","","Go Test","github.com/specterops/bloodhound/cmd/api/src/api/v2/auth/TestManagementResource_ServeSigningCertificate","TestManagementResource_ServeSigningCertificate"
"","0","should compute offset vertices for bezier curves at a given intersection","bezier","Mon Jan 26 22:02:36 UTC 2026","passed","Mon Jan 26 22:02:36 UTC 2026","","","",""
"","148","fires editQuery in context provider","ListItemActionMenu","Mon Jan 26 22:00:18 UTC 2026","passed","Mon Jan 26 22:00:19 UTC 2026","","","",""
"","644","should fire Confirm once with true after typing challenge text","DeleteConfirmationDialog","Mon Jan 26 22:01:17 UTC 2026","passed","Mon Jan 26 22:01:17 UTC 2026","","","",""
"Test cases for TestSignRequestAtInternalError","0","TestSignRequestAtInternalError","","Mon Jan 26 21:56:43 UTC 2026","passed","Mon Jan 26 21:56:43 UTC 2026","","Go Test","github.com/specterops/bloodhound/cmd/api/src/api/TestSignRequestAtInternalError","TestSignRequestAtInternalError"
"","691","calls the passed in cancel handler when clicking the Cancel button","Glyph Select Dialog","Mon Jan 26 22:01:23 UTC 2026","passed","Mon Jan 26 22:01:24 UTC 2026","","","",""
"Test cases for TestManagementResource_ListRoles_PredicateMismatchWithColumn","0","TestManagementResource_ListRoles_PredicateMismatchWithColumn","","Mon Jan 26 21:57:02 UTC 2026","passed","Mon Jan 26 21:57:02 UTC 2026","","Go Test","github.com/specterops/bloodhound/cmd/api/src/api/v2/auth/TestManagementResource_ListRoles_PredicateMismatchWithColumn","TestManagementResource_ListRoles_PredicateMismatchWithColumn"
"","435","renders a list of asset group members","GroupManagement","Mon Jan 26 22:02:33 UTC 2026","passed","Mon Jan 26 22:02:33 UTC 2026","","","",""
"Test cases for TestMatches_FailureErrMsg","0","TestMatches_FailureErrMsg","","Mon Jan 26 21:57:02 UTC 2026","passed","Mon Jan 26 21:57:02 UTC 2026","","Go Test","github.com/specterops/bloodhound/cmd/api/src/model/TestMatches_FailureErrMsg","TestMatches_FailureErrMsg"
"","109","should render a button with the passed in display text","GraphButton","Mon Jan 26 22:01:49 UTC 2026","passed","Mon Jan 26 22:01:49 UTC 2026","","","",""
"Test cases for TestNewAuditLog_Error","0","TestNewAuditLog_Error","","Mon Jan 26 21:57:01 UTC 2026","passed","Mon Jan 26 21:57:01 UTC 2026","","Go Test","github.com/specterops/bloodhound/cmd/api/src/database/TestNewAuditLog_Error","TestNewAuditLog_Error"
"","84","renders an input box","SearchBar","Mon Jan 26 22:01:36 UTC 2026","passed","Mon Jan 26 22:01:36 UTC 2026","","","",""
"","1996","should display search results when the user enters text","AssetGroupEdit","Mon Jan 26 22:00:05 UTC 2026","passed","Mon Jan 26 22:00:07 UTC 2026","","","",""
"Test cases for TestBoolSetValid","0","TestBoolSetValid","","Mon Jan 26 21:57:01 UTC 2026","passed","Mon Jan 26 21:57:01 UTC 2026","","Go Test","github.com/specterops/bloodhound/cmd/api/src/database/types/null/TestBoolSetValid","TestBoolSetValid"
"Test cases for TestTextUnmarshalBool","0","TestTextUnmarshalBool","","Mon Jan 26 21:57:01 UTC 2026","passed","Mon Jan 26 21:57:01 UTC 2026","","Go Test","github.com/specterops/bloodhound/cmd/api/src/database/types/null/TestTextUnmarshalBool","TestTextUnmarshalBool"
"","58","sets autoDisplayTable to true if query returns nodes only, searchType = cypher, and and enabled is true","useExploreTableAutoDisplay","Mon Jan 26 22:00:44 UTC 2026","passed","Mon Jan 26 22:00:44 UTC 2026","","","",""
"Test cases for TestGetSkipParamForGraphQuery","0","TestGetSkipParamForGraphQuery","","Mon Jan 26 21:57:17 UTC 2026","passed","Mon Jan 26 21:57:17 UTC 2026","","Go Test","github.com/specterops/bloodhound/cmd/api/src/utils/TestGetSkipParamForGraphQuery","TestGetSkipParamForGraphQuery"
"","91","should display the logged in user's email address","UserProfile","Mon Jan 26 21:59:29 UTC 2026","passed","Mon Jan 26 21:59:29 UTC 2026","","","",""
"Test cases for TestResources_ListADGroupMembers","0","TestResources_ListADGroupMembers","","Mon Jan 26 21:56:55 UTC 2026","passed","Mon Jan 26 21:56:55 UTC 2026","","Go Test","github.com/specterops/bloodhound/cmd/api/src/api/v2/TestResources_ListADGroupMembers","TestResources_ListADGroupMembers"
"","6","should not render a Field when the provided value is []","Field","Mon Jan 26 22:01:18 UTC 2026","passed","Mon Jan 26 22:01:18 UTC 2026","","","",""
"","465","should not allow leading or trailing empty spaces","CreateUserForm","Mon Jan 26 21:58:06 UTC 2026","passed","Mon Jan 26 21:58:07 UTC 2026","","","",""
"Test cases for TestManagementResource_ListUsers_InvalidColumn","0","TestManagementResource_ListUsers_InvalidColumn","","Mon Jan 26 21:57:02 UTC 2026","passed","Mon Jan 26 21:57:02 UTC 2026","","Go Test","github.com/specterops/bloodhound/cmd/api/src/api/v2/auth/TestManagementResource_ListUsers_InvalidColumn","TestManagementResource_ListUsers_InvalidColumn"
"","246","sets a primarySearch=id and searchType=pathfinding when secondarySearch is truethy","ContextMenu","Mon Jan 26 21:58:22 UTC 2026","passed","Mon Jan 26 21:58:22 UTC 2026","","","",""
"","573","renders the Platforms dropdown and handles click event","QuerySearchFilter","Mon Jan 26 21:59:52 UTC 2026","passed","Mon Jan 26 21:59:52 UTC 2026","","","",""
"","194","on clicking switch shows modal and when clicking cancel closes it and switch stays enabled","CitrixRDPConfiguration","Mon Jan 26 21:58:37 UTC 2026","passed","Mon Jan 26 21:58:37 UTC 2026","","Click on switch to disable","",""
"Test cases for Test_hasCycle","0","Test_hasCycle","","Mon Jan 26 21:57:24 UTC 2026","passed","Mon Jan 26 21:57:24 UTC 2026","","Go Test","github.com/specterops/bloodhound/packages/go/lab/Test_hasCycle","Test_hasCycle"
"Test cases for TestResources_ListADCSEscalations","2","TestResources_ListADCSEscalations","","Mon Jan 26 21:56:55 UTC 2026","passed","Mon Jan 26 21:56:55 UTC 2026","","Go Test","github.com/specterops/bloodhound/cmd/api/src/api/v2/TestResources_ListADCSEscalations","TestResources_ListADCSEscalations"
"Test cases for TestWriteBinaryResponse","0","TestWriteBinaryResponse","","Mon Jan 26 21:56:43 UTC 2026","passed","Mon Jan 26 21:56:43 UTC 2026","","Go Test","github.com/specterops/bloodhound/cmd/api/src/api/TestWriteBinaryResponse","TestWriteBinaryResponse"
"","1466","Clicking header allows user to sort by column","ExploreTable","Mon Jan 26 21:57:31 UTC 2026","passed","Mon Jan 26 21:57:33 UTC 2026","","","",""
"","214","should redirect to nested /file-ingest route if user navigates to /","Administration","Mon Jan 26 22:02:42 UTC 2026","passed","Mon Jan 26 22:02:42 UTC 2026","","","",""
"Test cases for TestEncodingInterface","0","TestEncodingInterface","","Mon Jan 26 21:57:22 UTC 2026","passed","Mon Jan 26 21:57:22 UTC 2026","","Go Test","github.com/specterops/bloodhound/packages/go/bomenc/TestEncodingInterface","TestEncodingInterface"
"","20","selector members refetches on sort change","the useAssetGroupTags utilities","Mon Jan 26 21:58:25 UTC 2026","passed","Mon Jan 26 21:58:25 UTC 2026","","","",""
"","2","prevents Sigma defaults events","preventAllDefaults","Mon Jan 26 22:02:56 UTC 2026","passed","Mon Jan 26 22:02:56 UTC 2026","","","",""
"","346","Selecting an edge with a Computer target node that haslaps is enabled shows correct Windows Abuse text","EdgeInfoContent","Mon Jan 26 21:57:50 UTC 2026","passed","Mon Jan 26 21:57:51 UTC 2026","","","",""
"","1131","filling in the name value allows updating the rule and navigates back to the details page","Rule Form","Mon Jan 26 21:57:53 UTC 2026","passed","Mon Jan 26 21:57:54 UTC 2026","","","",""
"","183","displays an error when unable to fetch data","EarlyAccessFeatures","Mon Jan 26 22:02:34 UTC 2026","passed","Mon Jan 26 22:02:34 UTC 2026","","","",""
"","9","fully replaces state","useObjectState","Mon Jan 26 22:01:12 UTC 2026","passed","Mon Jan 26 22:01:12 UTC 2026","","","",""
"","162","renders details for a selected zone","DynamicDetails","Mon Jan 26 21:58:46 UTC 2026","passed","Mon Jan 26 21:58:47 UTC 2026","","","",""
"","195","clears value if input is empty","ManagedDatePicker - input","Mon Jan 26 21:59:33 UTC 2026","passed","Mon Jan 26 21:59:33 UTC 2026","","","",""
"","516","filters by the selected status","FileIngestFilterDialog","Mon Jan 26 21:58:14 UTC 2026","passed","Mon Jan 26 21:58:15 UTC 2026","","Status Select","",""
"","268","renders a snackbar notification in the dom and tests autoHideDuration","AppNotifications","Mon Jan 26 22:00:31 UTC 2026","passed","Mon Jan 26 22:00:31 UTC 2026","","","",""
"","433","filters by the selected date range","FileIngestFilterDialog","Mon Jan 26 21:58:16 UTC 2026","passed","Mon Jan 26 21:58:16 UTC 2026","","Date Range Inputs","",""
"","8","shows ""no permission"" notification if lacking permission","useFinishedJobs","Mon Jan 26 21:59:12 UTC 2026","passed","Mon Jan 26 21:59:12 UTC 2026","","","",""
"","211","on clicking switch shows modal and when clicking confirm closes it and switch changes to disabled","CitrixRDPConfiguration","Mon Jan 26 21:58:37 UTC 2026","passed","Mon Jan 26 21:58:37 UTC 2026","","Click on switch to disable","",""
"","193","clicking an enabled header toggles content (single mode)","<DetailsAccordion />","Mon Jan 26 21:58:22 UTC 2026","passed","Mon Jan 26 21:58:22 UTC 2026","","","",""
"","296","toggles sort order when clicking sortable header","ObjectsAccordion","Mon Jan 26 21:59:46 UTC 2026","passed","Mon Jan 26 21:59:46 UTC 2026","","","",""
"","389","does fires TagToLabelDialog when the Label option is clicked","TagToZoneLabel","Mon Jan 26 21:57:45 UTC 2026","passed","Mon Jan 26 21:57:45 UTC 2026","","","",""
"Test cases for TestAggregator_Impact","2","TestAggregator_Impact","","Mon Jan 26 21:57:21 UTC 2026","passed","Mon Jan 26 21:57:21 UTC 2026","","Go Test","github.com/specterops/bloodhound/packages/go/analysis/impact/TestAggregator_Impact","TestAggregator_Impact"
"","384","should call ""onSave"" one time","Enable2FADialog","Mon Jan 26 22:00:27 UTC 2026","passed","Mon Jan 26 22:00:27 UTC 2026","user clicks ""Disable Multi-Factor Authentication"" button","user enters valid password","",""
"","93","should display the logged in user's full name","UserProfile","Mon Jan 26 21:59:29 UTC 2026","passed","Mon Jan 26 21:59:29 UTC 2026","","","",""
"","226","renders a graph if the query has any node edges","GraphView","Mon Jan 26 22:02:34 UTC 2026","passed","Mon Jan 26 22:02:34 UTC 2026","","","",""
"","463","switches Rule tab to active/selected when clicked","Selected Details Tabs","Mon Jan 26 21:58:53 UTC 2026","passed","Mon Jan 26 21:58:54 UTC 2026","","Selected Details Tabs - Click Interactions","",""
"","126","renders enabled Zone tab and disabled Rule and Object tabs","Selected Details Tabs","Mon Jan 26 21:58:54 UTC 2026","passed","Mon Jan 26 21:58:54 UTC 2026","","Selected Details Tabs - Params present","",""
"","0","takes setSearchParams and availableParams returns a function","searchParams","Mon Jan 26 22:00:17 UTC 2026","passed","Mon Jan 26 22:00:17 UTC 2026","","setParamsFactory","",""
"","10","populates the cypher search field with the decoded query when the associated query params are set","useCypherSearch","Mon Jan 26 22:01:22 UTC 2026","passed","Mon Jan 26 22:01:22 UTC 2026","","","",""
"","2","returns undefined if graphData is undefined","normalizeGraphDataForSigma","Mon Jan 26 22:02:50 UTC 2026","passed","Mon Jan 26 22:02:50 UTC 2026","","","",""
"","61","Searching for custom node type with databaseId returns node properties","useFetchEntityProperties","Mon Jan 26 22:00:35 UTC 2026","passed","Mon Jan 26 22:00:35 UTC 2026","","","",""
"","963","should render the cypher search controls when user clicks on cypher tab","ExploreSearch rendering per tab","Mon Jan 26 22:02:14 UTC 2026","passed","Mon Jan 26 22:02:15 UTC 2026","","","",""
"","164","displays the label for each result","SearchCurrentNodes","Mon Jan 26 21:59:53 UTC 2026","passed","Mon Jan 26 21:59:53 UTC 2026","","","",""
"","8","renders the ZoneSelector when available and on a Zone page","TagSelector","Mon Jan 26 21:59:58 UTC 2026","passed","Mon Jan 26 21:59:58 UTC 2026","","","",""
"","150","renders the form for creating a new label","Tag Form","Mon Jan 26 21:57:35 UTC 2026","passed","Mon Jan 26 21:57:35 UTC 2026","","","",""
"Test cases for TestResources_ListFileUploadJobs","0","TestResources_ListFileUploadJobs","","Mon Jan 26 21:56:55 UTC 2026","passed","Mon Jan 26 21:56:55 UTC 2026","","Go Test","github.com/specterops/bloodhound/cmd/api/src/api/v2/TestResources_ListFileUploadJobs","TestResources_ListFileUploadJobs"
"TestMigrator_GenerateManifestAfterVersion builds upon the GenerateManifest testby starting from different version points and spot checking migration counts.","0","TestMigrator_GenerateManifestAfterVersion","","Mon Jan 26 21:57:01 UTC 2026","passed","Mon Jan 26 21:57:01 UTC 2026","","Go Test","github.com/specterops/bloodhound/cmd/api/src/database/migration/TestMigrator_GenerateManifestAfterVersion","TestMigrator_GenerateManifestAfterVersion"
"Test cases for TestGC_NewDataPruningDaemon","0","TestGC_NewDataPruningDaemon","","Mon Jan 26 21:57:00 UTC 2026","passed","Mon Jan 26 21:57:00 UTC 2026","","Go Test","github.com/specterops/bloodhound/cmd/api/src/daemons/gc/TestGC_NewDataPruningDaemon","TestGC_NewDataPruningDaemon"
"Test cases for TestParseLimitQueryParameter_Invalid","0","TestParseLimitQueryParameter_Invalid","","Mon Jan 26 21:56:55 UTC 2026","passed","Mon Jan 26 21:56:55 UTC 2026","","Go Test","github.com/specterops/bloodhound/cmd/api/src/api/v2/TestParseLimitQueryParameter_Invalid","TestParseLimitQueryParameter_Invalid"
"Test cases for TestSelectGPOContainerCandidateFilter","0","TestSelectGPOContainerCandidateFilter","","Mon Jan 26 21:57:20 UTC 2026","passed","Mon Jan 26 21:57:20 UTC 2026","","Go Test","github.com/specterops/bloodhound/packages/go/analysis/ad/TestSelectGPOContainerCandidateFilter","TestSelectGPOContainerCandidateFilter"
"","27","should highlight main nav route when navigating to child route","Main Nav Route Highlighting","Mon Jan 26 21:58:13 UTC 2026","passed","Mon Jan 26 21:58:13 UTC 2026","","","",""
"","261","navigates to all rules when clicking ""All Rules""","RulesAccordion","Mon Jan 26 22:00:15 UTC 2026","passed","Mon Jan 26 22:00:15 UTC 2026","","","",""
"Test cases for TestService","0","TestService","","Mon Jan 26 21:57:04 UTC 2026","passed","Mon Jan 26 21:57:04 UTC 2026","","Go Test","github.com/specterops/bloodhound/cmd/api/src/services/dogtags/TestService","TestService"
"","15","renders disabled prop when flag is not enabled","FeatureFlag","Mon Jan 26 22:00:40 UTC 2026","passed","Mon Jan 26 22:00:40 UTC 2026","","","",""
"","175","only sends dirty fields in the request when updating","Tag Form","Mon Jan 26 21:57:37 UTC 2026","passed","Mon Jan 26 21:57:37 UTC 2026","","","",""
"","0","should hide/expand search widget when user clicks minus/plus button","ExploreSearch rendering per tab","Mon Jan 26 22:02:58 UTC 2026","unknown","Mon Jan 26 22:02:58 UTC 2026","","","",""
"","197","Expand button causes table to expand to full height","ExploreTable","Mon Jan 26 21:57:33 UTC 2026","passed","Mon Jan 26 21:57:33 UTC 2026","","","",""
"Test cases for TestResources_ListAuditLogs_SortingError","0","TestResources_ListAuditLogs_SortingError","","Mon Jan 26 21:56:55 UTC 2026","passed","Mon Jan 26 21:56:55 UTC 2026","","Go Test","github.com/specterops/bloodhound/cmd/api/src/api/v2/TestResources_ListAuditLogs_SortingError","TestResources_ListAuditLogs_SortingError"
"Test cases for TestResources_ListADEntityPSRemoteRights","0","TestResources_ListADEntityPSRemoteRights","","Mon Jan 26 21:56:55 UTC 2026","passed","Mon Jan 26 21:56:55 UTC 2026","","Go Test","github.com/specterops/bloodhound/cmd/api/src/api/v2/TestResources_ListADEntityPSRemoteRights","TestResources_ListADEntityPSRemoteRights"
"","69","should display the ""Authentication"" header","UserProfile","Mon Jan 26 21:59:29 UTC 2026","passed","Mon Jan 26 21:59:29 UTC 2026","","","",""
"","243","should fire ""onClose"" once","UserTokenManagementDialog","Mon Jan 26 22:00:22 UTC 2026","passed","Mon Jan 26 22:00:23 UTC 2026","","when user clicks ""Close"" button","",""
"Test cases for TestResources_GetSearchResult","1","TestResources_GetSearchResult","","Mon Jan 26 21:56:55 UTC 2026","passed","Mon Jan 26 21:56:55 UTC 2026","","Go Test","github.com/specterops/bloodhound/cmd/api/src/api/v2/TestResources_GetSearchResult","TestResources_GetSearchResult"
"","2359","should remove the option from the changelog when the corresponding button is clicked","AssetGroupEdit","Mon Jan 26 22:00:09 UTC 2026","passed","Mon Jan 26 22:00:11 UTC 2026","","","",""
"","1","should recognize a common properties","validating a node property against the shared generated schema","Mon Jan 26 21:58:44 UTC 2026","passed","Mon Jan 26 21:58:44 UTC 2026","","","",""
"","0","returns false if arrays have different elements","areArraysSimilar","Mon Jan 26 22:01:26 UTC 2026","passed","Mon Jan 26 22:01:26 UTC 2026","","","",""
"","889","opens a submenu when user hovers over `Copy`","ContextMenu","Mon Jan 26 21:58:23 UTC 2026","passed","Mon Jan 26 21:58:24 UTC 2026","","","",""
"Test cases for TestMarshalString","0","TestMarshalString","","Mon Jan 26 21:57:01 UTC 2026","passed","Mon Jan 26 21:57:01 UTC 2026","","Go Test","github.com/specterops/bloodhound/cmd/api/src/database/types/null/TestMarshalString","TestMarshalString"
"","46","uses the discardQueryParams prop to discard all query params on the link","AppLink","Mon Jan 26 21:59:59 UTC 2026","passed","Mon Jan 26 21:59:59 UTC 2026","","","",""
"","0","returns paramValue as EnvironmentAggregation if paramValue is azure","useEnvironmentParams","Mon Jan 26 22:01:45 UTC 2026","passed","Mon Jan 26 22:01:45 UTC 2026","","parseEnvironmentAggregation","",""
"Test cases for TestWriteResultJson","0","TestWriteResultJson","","Mon Jan 26 21:57:17 UTC 2026","passed","Mon Jan 26 21:57:17 UTC 2026","","Go Test","github.com/specterops/bloodhound/cmd/api/src/utils/TestWriteResultJson","TestWriteResultJson"
"Test cases for Test_filterNodesToSearchResult_filterEnvironments_domainSIDFail","0","Test_filterNodesToSearchResult_filterEnvironments_domainSIDFail","","Mon Jan 26 21:57:04 UTC 2026","passed","Mon Jan 26 21:57:04 UTC 2026","","Go Test","github.com/specterops/bloodhound/cmd/api/src/queries/Test_filterNodesToSearchResult_filterEnvironments_domainSIDFail","Test_filterNodesToSearchResult_filterEnvironments_domainSIDFail"
"","495","should not call onSubmit when expired password is not supplied when reset password button clicked","PasswordResetForm","Mon Jan 26 21:59:22 UTC 2026","passed","Mon Jan 26 21:59:23 UTC 2026","","","",""
"Test cases for Test_CheckAccessToEnvironments","79","Test_CheckAccessToEnvironments","","Mon Jan 26 21:56:55 UTC 2026","passed","Mon Jan 26 21:56:55 UTC 2026","","Go Test","github.com/specterops/bloodhound/cmd/api/src/api/v2/Test_CheckAccessToEnvironments","Test_CheckAccessToEnvironments"
"Test cases for TestLoginExpiry","0","TestLoginExpiry","","Mon Jan 26 21:57:43 UTC 2026","passed","Mon Jan 26 21:57:43 UTC 2026","","Go Test","github.com/specterops/bloodhound/cmd/api/src/api/v2/auth/TestLoginExpiry","TestLoginExpiry"
"Test cases for TestDisenrollMFA_Failure","1","TestDisenrollMFA_Failure","","Mon Jan 26 21:57:32 UTC 2026","passed","Mon Jan 26 21:57:32 UTC 2026","","Go Test","github.com/specterops/bloodhound/cmd/api/src/api/v2/auth/TestDisenrollMFA_Failure","TestDisenrollMFA_Failure"
"Test cases for Test_signedRequestDate","0","Test_signedRequestDate","","Mon Jan 26 21:56:47 UTC 2026","passed","Mon Jan 26 21:56:47 UTC 2026","","Go Test","github.com/specterops/bloodhound/cmd/api/src/api/middleware/Test_signedRequestDate","Test_signedRequestDate"
"","234","renders the form for editing an existing zone","Tag Form","Mon Jan 26 21:57:35 UTC 2026","passed","Mon Jan 26 21:57:35 UTC 2026","","","",""
"Test cases for TestResources_UpdateSavedQuery_AdminPrivateQuery_Success","0","TestResources_UpdateSavedQuery_AdminPrivateQuery_Success","","Mon Jan 26 21:56:55 UTC 2026","passed","Mon Jan 26 21:56:55 UTC 2026","","Go Test","github.com/specterops/bloodhound/cmd/api/src/api/v2/TestResources_UpdateSavedQuery_AdminPrivateQuery_Success","TestResources_UpdateSavedQuery_AdminPrivateQuery_Success"
"Test cases for TestResources_ListSavedQueries","68","TestResources_ListSavedQueries","","Mon Jan 26 21:56:55 UTC 2026","passed","Mon Jan 26 21:56:55 UTC 2026","","Go Test","github.com/specterops/bloodhound/cmd/api/src/api/v2/TestResources_ListSavedQueries","TestResources_ListSavedQueries"
"","22","renders GraphButton with correct text","GraphControls","Mon Jan 26 21:58:15 UTC 2026","passed","Mon Jan 26 21:58:15 UTC 2026","","Searching current results","",""
"Test cases for TestManagementResource_UpdateUser_Success","1059","TestManagementResource_UpdateUser_Success","","Mon Jan 26 21:57:21 UTC 2026","passed","Mon Jan 26 21:57:22 UTC 2026","","Go Test","github.com/specterops/bloodhound/cmd/api/src/api/v2/auth/TestManagementResource_UpdateUser_Success","TestManagementResource_UpdateUser_Success"
"Test cases for TestResources_ListADComputerConstrainedDelegationUsers","0","TestResources_ListADComputerConstrainedDelegationUsers","","Mon Jan 26 21:56:55 UTC 2026","passed","Mon Jan 26 21:56:55 UTC 2026","","Go Test","github.com/specterops/bloodhound/cmd/api/src/api/v2/TestResources_ListADComputerConstrainedDelegationUsers","TestResources_ListADComputerConstrainedDelegationUsers"
"","8","should render when search string at the end of the text","HighlightedText","Mon Jan 26 22:01:03 UTC 2026","passed","Mon Jan 26 22:01:03 UTC 2026","","","",""
"","246","should eventually display list of tokens","UserTokenManagementDialog","Mon Jan 26 22:00:22 UTC 2026","passed","Mon Jan 26 22:00:22 UTC 2026","","","",""
"","120","shows the empty form message when Object Rule Form is empty","Seed Selection Results","Mon Jan 26 21:58:21 UTC 2026","passed","Mon Jan 26 21:58:21 UTC 2026","","","",""
"Test cases for TestStringValueOrZero","0","TestStringValueOrZero","","Mon Jan 26 21:57:01 UTC 2026","passed","Mon Jan 26 21:57:01 UTC 2026","","Go Test","github.com/specterops/bloodhound/cmd/api/src/database/types/null/TestStringValueOrZero","TestStringValueOrZero"
"","23","tag members refetches on sort change","the useAssetGroupTags utilities","Mon Jan 26 21:58:25 UTC 2026","passed","Mon Jan 26 21:58:25 UTC 2026","","","",""
"Test cases for TestResources_ListADGPOAffectedTierZero","0","TestResources_ListADGPOAffectedTierZero","","Mon Jan 26 21:56:55 UTC 2026","passed","Mon Jan 26 21:56:55 UTC 2026","","Go Test","github.com/specterops/bloodhound/cmd/api/src/api/v2/TestResources_ListADGPOAffectedTierZero","TestResources_ListADGPOAffectedTierZero"
"","0","pwdlastset","Handling value formatting for Active Directory entity properties lastlogon, lastlogontimestamp, whencreated, and pwdlastset","Mon Jan 26 21:58:44 UTC 2026","passed","Mon Jan 26 21:58:44 UTC 2026","","","",""
"","85","displays the value thats passed via children","CodeController","Mon Jan 26 22:01:31 UTC 2026","passed","Mon Jan 26 22:01:31 UTC 2026","","","",""
"","201","Hides selector information if additionalSections is false","EntityInfoDataTableList","Mon Jan 26 21:59:48 UTC 2026","passed","Mon Jan 26 21:59:48 UTC 2026","","","",""
"","76","indicates that filters are active","AssetGroupEdit","Mon Jan 26 21:58:30 UTC 2026","passed","Mon Jan 26 21:58:30 UTC 2026","","","",""
"Test cases for TestResources_GetAssetGroupTags","3","TestResources_GetAssetGroupTags","","Mon Jan 26 21:56:55 UTC 2026","passed","Mon Jan 26 21:56:55 UTC 2026","","Go Test","github.com/specterops/bloodhound/cmd/api/src/api/v2/TestResources_GetAssetGroupTags","TestResources_GetAssetGroupTags"
"","676","displays correct content based on platform filter Azure","CommonSearches","Mon Jan 26 21:58:29 UTC 2026","passed","Mon Jan 26 21:58:29 UTC 2026","","","",""
"","7","sets autoDisplayTable to false if query returns nodes only but the enabled prop is false","useExploreTableAutoDisplay","Mon Jan 26 22:00:44 UTC 2026","passed","Mon Jan 26 22:00:44 UTC 2026","","","",""
"Test cases for TestResources_GetAssetGroupTagSelectors","0","TestResources_GetAssetGroupTagSelectors","","Mon Jan 26 21:56:55 UTC 2026","passed","Mon Jan 26 21:56:55 UTC 2026","","Go Test","github.com/specterops/bloodhound/cmd/api/src/api/v2/TestResources_GetAssetGroupTagSelectors","TestResources_GetAssetGroupTagSelectors"
"","523","should not call onSubmit when expired password matches current password when reset password button clicked","PasswordResetForm","Mon Jan 26 21:59:23 UTC 2026","passed","Mon Jan 26 21:59:23 UTC 2026","","","",""
"","45","links to the specified route with global params intact when triggered by a splat route","AppLink","Mon Jan 26 21:59:59 UTC 2026","passed","Mon Jan 26 21:59:59 UTC 2026","","","",""
"Test cases for TestManagementResource_ListAuthTokens_SortingError","0","TestManagementResource_ListAuthTokens_SortingError","","Mon Jan 26 21:57:25 UTC 2026","passed","Mon Jan 26 21:57:25 UTC 2026","","Go Test","github.com/specterops/bloodhound/cmd/api/src/api/v2/auth/TestManagementResource_ListAuthTokens_SortingError","TestManagementResource_ListAuthTokens_SortingError"
"Test cases for TestFoldl","0","TestFoldl","","Mon Jan 26 21:57:38 UTC 2026","passed","Mon Jan 26 21:57:38 UTC 2026","","Go Test","github.com/specterops/bloodhound/packages/go/slicesext/TestFoldl","TestFoldl"
"","2","Edge is created with correct structure including points array","copySigmaEdgesToGraphlibGraph","Mon Jan 26 22:02:44 UTC 2026","passed","Mon Jan 26 22:02:44 UTC 2026","","","",""
"","10","renders highlight only for active selector when ruleId is present","SelectedHighlight","Mon Jan 26 22:00:54 UTC 2026","passed","Mon Jan 26 22:00:54 UTC 2026","","","",""
"","37","renders a preview version by default","PrivilegeZonesCypherEditor Search component for Zone Management","Mon Jan 26 22:00:41 UTC 2026","passed","Mon Jan 26 22:00:41 UTC 2026","","","",""
"","213","toggles a child off","SourceKindsCheckboxes","Mon Jan 26 21:59:07 UTC 2026","passed","Mon Jan 26 21:59:07 UTC 2026","","","",""
"","16","when password is expired and not on password reset page, redirects to password reset page","AuthenticatedRoute","Mon Jan 26 22:02:42 UTC 2026","passed","Mon Jan 26 22:02:42 UTC 2026","","","",""
"Test cases for TestTimeFromPtr","0","TestTimeFromPtr","","Mon Jan 26 21:57:01 UTC 2026","passed","Mon Jan 26 21:57:01 UTC 2026","","Go Test","github.com/specterops/bloodhound/cmd/api/src/database/types/null/TestTimeFromPtr","TestTimeFromPtr"
"","605","should sort by type","SSOProviderTable","Mon Jan 26 22:00:22 UTC 2026","passed","Mon Jan 26 22:00:23 UTC 2026","","","",""
"Test cases for TestResources_ListADDomainContainedGPOs","0","TestResources_ListADDomainContainedGPOs","","Mon Jan 26 21:56:55 UTC 2026","passed","Mon Jan 26 21:56:55 UTC 2026","","Go Test","github.com/specterops/bloodhound/cmd/api/src/api/v2/TestResources_ListADDomainContainedGPOs","TestResources_ListADDomainContainedGPOs"
"Test cases for TestCORSMiddleware","0","TestCORSMiddleware","","Mon Jan 26 21:56:47 UTC 2026","passed","Mon Jan 26 21:56:47 UTC 2026","","Go Test","github.com/specterops/bloodhound/cmd/api/src/api/middleware/TestCORSMiddleware","TestCORSMiddleware"
"","200","sums nested section node counts","EntityInfoDataTableGraphed","Mon Jan 26 21:58:41 UTC 2026","passed","Mon Jan 26 21:58:41 UTC 2026","","Node count for nested table that counts all sections","",""
"","279","has date range input filters","FileIngestFilterDialog","Mon Jan 26 21:58:15 UTC 2026","passed","Mon Jan 26 21:58:16 UTC 2026","","Date Range Inputs","",""
"","252","should handle click events on apply and cancel","ConfirmUpdateQueryDialog","Mon Jan 26 22:01:24 UTC 2026","passed","Mon Jan 26 22:01:25 UTC 2026","","","",""
"","127","returns false when no nodes are available","useGraphHasData","Mon Jan 26 22:01:15 UTC 2026","passed","Mon Jan 26 22:01:15 UTC 2026","","","",""
"","58","passes the check for at least one permission if the user is missing one of many required permissions","usePermissions","Mon Jan 26 21:58:40 UTC 2026","passed","Mon Jan 26 21:58:40 UTC 2026","","","",""
"","62","hides loading state when data is available","SourceKindsCheckboxes","Mon Jan 26 21:59:05 UTC 2026","passed","Mon Jan 26 21:59:05 UTC 2026","","","",""
"Test cases for TestResources_ToggleFlag","0","TestResources_ToggleFlag","","Mon Jan 26 21:56:55 UTC 2026","passed","Mon Jan 26 21:56:55 UTC 2026","","Go Test","github.com/specterops/bloodhound/cmd/api/src/api/v2/TestResources_ToggleFlag","TestResources_ToggleFlag"
"Test cases for TestBoolIsZero","0","TestBoolIsZero","","Mon Jan 26 21:57:01 UTC 2026","passed","Mon Jan 26 21:57:01 UTC 2026","","Go Test","github.com/specterops/bloodhound/cmd/api/src/database/types/null/TestBoolIsZero","TestBoolIsZero"
"Test cases for TestDatabaseWipe","4","TestDatabaseWipe","","Mon Jan 26 21:56:55 UTC 2026","passed","Mon Jan 26 21:56:55 UTC 2026","","Go Test","github.com/specterops/bloodhound/cmd/api/src/api/v2/TestDatabaseWipe","TestDatabaseWipe"
"","618","displays a warning dialog when mounted","EarlyAccessFeatures","Mon Jan 26 22:02:33 UTC 2026","passed","Mon Jan 26 22:02:34 UTC 2026","","","",""
"Test cases for TestBoolScan","0","TestBoolScan","","Mon Jan 26 21:57:01 UTC 2026","passed","Mon Jan 26 21:57:01 UTC 2026","","Go Test","github.com/specterops/bloodhound/cmd/api/src/database/types/null/TestBoolScan","TestBoolScan"
"","618","should allow user to configure 2fa","Enable2FADialog","Mon Jan 26 21:59:37 UTC 2026","passed","Mon Jan 26 21:59:37 UTC 2026","","","",""
"","13","does not add a query param if the search term is empty","useNodeSearch","Mon Jan 26 22:00:52 UTC 2026","passed","Mon Jan 26 22:00:52 UTC 2026","","","",""
"Test cases for TestResources_GetShortestPath","13","TestResources_GetShortestPath","","Mon Jan 26 21:56:55 UTC 2026","passed","Mon Jan 26 21:56:55 UTC 2026","","Go Test","github.com/specterops/bloodhound/cmd/api/src/api/v2/TestResources_GetShortestPath","TestResources_GetShortestPath"
"Test cases for TestResources_ShareSavedQueriesPermissions_SavingPermissionsErrors","0","TestResources_ShareSavedQueriesPermissions_SavingPermissionsErrors","","Mon Jan 26 21:56:55 UTC 2026","passed","Mon Jan 26 21:56:55 UTC 2026","","Go Test","github.com/specterops/bloodhound/cmd/api/src/api/v2/TestResources_ShareSavedQueriesPermissions_SavingPermissionsErrors","TestResources_ShareSavedQueriesPermissions_SavingPermissionsErrors"
"","14","renders an error fallback when flag is not found","FeatureFlag","Mon Jan 26 22:00:40 UTC 2026","passed","Mon Jan 26 22:00:40 UTC 2026","","","",""
"","366","should display a ""Configure Multi-Factor Authentication"" modal","UserProfile","Mon Jan 26 21:59:30 UTC 2026","passed","Mon Jan 26 21:59:30 UTC 2026","","""Multi-Factor Authentication Enabled"" switch is enabled","",""
"","423","navigates to object details when clicking an object row","ObjectsAccordion","Mon Jan 26 21:59:46 UTC 2026","passed","Mon Jan 26 21:59:47 UTC 2026","","","",""
"","425","on clicking switch shows modal and when clicking cancel closes it and switch stays disabled","CitrixRDPConfiguration","Mon Jan 26 21:58:36 UTC 2026","passed","Mon Jan 26 21:58:37 UTC 2026","","Click on switch to enable","",""
"","367","Should call handler when a member is clicked","AssetGroupMemberList","Mon Jan 26 22:01:03 UTC 2026","passed","Mon Jan 26 22:01:03 UTC 2026","","","",""
"","85","clears selected if same note is clicked again","NoteCell component","Mon Jan 26 22:00:27 UTC 2026","passed","Mon Jan 26 22:00:27 UTC 2026","","","",""
"Test cases for TestBuildErrorResponseBadRequest","0","TestBuildErrorResponseBadRequest","","Mon Jan 26 21:56:43 UTC 2026","passed","Mon Jan 26 21:56:43 UTC 2026","","Go Test","github.com/specterops/bloodhound/cmd/api/src/api/TestBuildErrorResponseBadRequest","TestBuildErrorResponseBadRequest"
"Test cases for TestGetMFAActivationStatus_Failure","0","TestGetMFAActivationStatus_Failure","","Mon Jan 26 21:57:42 UTC 2026","passed","Mon Jan 26 21:57:42 UTC 2026","","Go Test","github.com/specterops/bloodhound/cmd/api/src/api/v2/auth/TestGetMFAActivationStatus_Failure","TestGetMFAActivationStatus_Failure"
"Test cases for TestResources_ListTrustedCAs","1","TestResources_ListTrustedCAs","","Mon Jan 26 21:56:55 UTC 2026","passed","Mon Jan 26 21:56:55 UTC 2026","","Go Test","github.com/specterops/bloodhound/cmd/api/src/api/v2/TestResources_ListTrustedCAs","TestResources_ListTrustedCAs"
"","574","has status filters","FileIngestFilterDialog","Mon Jan 26 21:58:14 UTC 2026","passed","Mon Jan 26 21:58:14 UTC 2026","","Status Select","",""
"","39","shows the empty form message when Cypher Rule Form is empty","Seed Selection Results","Mon Jan 26 21:58:21 UTC 2026","passed","Mon Jan 26 21:58:21 UTC 2026","","","",""
"Test cases for TestWriteResponseWrapperWithPagination","0","TestWriteResponseWrapperWithPagination","","Mon Jan 26 21:56:43 UTC 2026","passed","Mon Jan 26 21:56:43 UTC 2026","","Go Test","github.com/specterops/bloodhound/cmd/api/src/api/TestWriteResponseWrapperWithPagination","TestWriteResponseWrapperWithPagination"
"","227","opens and closes the dialog with the cancel button","Tag Form","Mon Jan 26 21:57:38 UTC 2026","passed","Mon Jan 26 21:57:38 UTC 2026","","","",""
"","310","handles a selection as expected","DropdownSelector","Mon Jan 26 22:00:37 UTC 2026","passed","Mon Jan 26 22:00:37 UTC 2026","","","",""
"","1110","should eventually render previously configured SSO providers","SSOConfiguration","Mon Jan 26 21:58:29 UTC 2026","passed","Mon Jan 26 21:58:30 UTC 2026","","","",""
"","517","adds node to asset group tag with confirmation","AssetGroupMenuItem","Mon Jan 26 21:58:35 UTC 2026","passed","Mon Jan 26 21:58:35 UTC 2026","","","",""
"","1075","should render with a full list of multiple tenants and domains","Simple Environment Selector","Mon Jan 26 21:57:56 UTC 2026","passed","Mon Jan 26 21:57:57 UTC 2026","","","",""
"","890","should render a create user form","CreateUserDialog","Mon Jan 26 21:58:02 UTC 2026","passed","Mon Jan 26 21:58:03 UTC 2026","","","",""
"Test cases for TestPermissionsCheckAll","0","TestPermissionsCheckAll","","Mon Jan 26 21:56:47 UTC 2026","passed","Mon Jan 26 21:56:47 UTC 2026","","Go Test","github.com/specterops/bloodhound/cmd/api/src/api/middleware/TestPermissionsCheckAll","TestPermissionsCheckAll"
"","49","should style the powered-by to display when nav is expanded","MainNav","Mon Jan 26 21:58:13 UTC 2026","passed","Mon Jan 26 21:58:13 UTC 2026","","","",""
"","12","renders nothing if flag is disabled and disabled prop is not provided","FeatureFlag","Mon Jan 26 22:00:40 UTC 2026","passed","Mon Jan 26 22:00:40 UTC 2026","","","",""
"Test cases for TestSavedQueries_ValidFilters","0","TestSavedQueries_ValidFilters","","Mon Jan 26 21:57:02 UTC 2026","passed","Mon Jan 26 21:57:02 UTC 2026","","Go Test","github.com/specterops/bloodhound/cmd/api/src/model/TestSavedQueries_ValidFilters","TestSavedQueries_ValidFilters"
"","1","returns query config when searchType is relationship and all required params are passed","useExploreGraph","Mon Jan 26 21:59:08 UTC 2026","passed","Mon Jan 26 21:59:08 UTC 2026","relationship search queries","exploreGraphQueryFactory","",""
"Test cases for TestManagementResource_UpdateUser_ETAC","3539","TestManagementResource_UpdateUser_ETAC","","Mon Jan 26 21:57:22 UTC 2026","passed","Mon Jan 26 21:57:25 UTC 2026","","Go Test","github.com/specterops/bloodhound/cmd/api/src/api/v2/auth/TestManagementResource_UpdateUser_ETAC","TestManagementResource_UpdateUser_ETAC"
"Test cases for TestResources_ListADGPOAffectedUsers","0","TestResources_ListADGPOAffectedUsers","","Mon Jan 26 21:56:55 UTC 2026","passed","Mon Jan 26 21:56:55 UTC 2026","","Go Test","github.com/specterops/bloodhound/cmd/api/src/api/v2/TestResources_ListADGPOAffectedUsers","TestResources_ListADGPOAffectedUsers"
"","15","should filter properties that we do not want to display in the entity panel","ObjectInfoFields","Mon Jan 26 22:01:18 UTC 2026","passed","Mon Jan 26 22:01:18 UTC 2026","","","",""
"Test cases for TestManagementResource_DeleteOIDCProvider","0","TestManagementResource_DeleteOIDCProvider","","Mon Jan 26 21:57:43 UTC 2026","passed","Mon Jan 26 21:57:43 UTC 2026","","Go Test","github.com/specterops/bloodhound/cmd/api/src/api/v2/auth/TestManagementResource_DeleteOIDCProvider","TestManagementResource_DeleteOIDCProvider"
"Test cases for TestRequireAllEnvironmentAccessMiddleware","0","TestRequireAllEnvironmentAccessMiddleware","","Mon Jan 26 21:56:47 UTC 2026","passed","Mon Jan 26 21:56:47 UTC 2026","","Go Test","github.com/specterops/bloodhound/cmd/api/src/api/middleware/TestRequireAllEnvironmentAccessMiddleware","TestRequireAllEnvironmentAccessMiddleware"
"","0","The user has yet to type into the search","Getting the text for the disabled item display for a search when there are no results","Mon Jan 26 21:59:49 UTC 2026","passed","Mon Jan 26 21:59:49 UTC 2026","","Empty data states","",""
"","1","lastlogon, lastlogontimestamp","Handling value formatting for Active Directory entity properties lastlogon, lastlogontimestamp, whencreated, and pwdlastset","Mon Jan 26 21:58:44 UTC 2026","passed","Mon Jan 26 21:58:44 UTC 2026","","","",""
"","91","allows a consumer to swap the values of the two inputs and update the query params accordingly","usePathfindingSearch","Mon Jan 26 21:59:25 UTC 2026","passed","Mon Jan 26 21:59:25 UTC 2026","","","",""
"","883","handles adding to tier zero asset group","AssetGroupMenuItem","Mon Jan 26 22:02:12 UTC 2026","passed","Mon Jan 26 22:02:13 UTC 2026","","adding to an asset group","",""
"","171","should render tag to Label content","TagToZoneLabelDialog","Mon Jan 26 21:59:41 UTC 2026","passed","Mon Jan 26 21:59:42 UTC 2026","","","",""
"","190","Download button causes the json2csv function to be called","ExploreTable","Mon Jan 26 21:57:33 UTC 2026","passed","Mon Jan 26 21:57:33 UTC 2026","","","",""
"","1","does not change the day, month, or year value of the DateTime object","floorToNearestMinute","Mon Jan 26 22:01:04 UTC 2026","passed","Mon Jan 26 22:01:04 UTC 2026","","","",""
"","20","renders custom icon overlap correctly","NodeIcon","Mon Jan 26 22:01:09 UTC 2026","passed","Mon Jan 26 22:01:09 UTC 2026","","","",""
"","2","should compute normal vectors for line segments","bezier","Mon Jan 26 22:02:36 UTC 2026","passed","Mon Jan 26 22:02:36 UTC 2026","","","",""
"Test cases for TestTextUnmarshalFloat","0","TestTextUnmarshalFloat","","Mon Jan 26 21:57:01 UTC 2026","passed","Mon Jan 26 21:57:01 UTC 2026","","Go Test","github.com/specterops/bloodhound/cmd/api/src/database/types/null/TestTextUnmarshalFloat","TestTextUnmarshalFloat"
"Test cases for TestManagementResource_SAMLCallbackHandler","10","TestManagementResource_SAMLCallbackHandler","","Mon Jan 26 21:57:43 UTC 2026","passed","Mon Jan 26 21:57:43 UTC 2026","","Go Test","github.com/specterops/bloodhound/cmd/api/src/api/v2/auth/TestManagementResource_SAMLCallbackHandler","TestManagementResource_SAMLCallbackHandler"
"","18","dedupes edges before adding them to the graph","Explore utils","Mon Jan 26 22:02:25 UTC 2026","passed","Mon Jan 26 22:02:25 UTC 2026","","initGraph","",""
"Test cases for TestUnmarshalString","0","TestUnmarshalString","","Mon Jan 26 21:57:01 UTC 2026","passed","Mon Jan 26 21:57:01 UTC 2026","","Go Test","github.com/specterops/bloodhound/cmd/api/src/database/types/null/TestUnmarshalString","TestUnmarshalString"
"","212","should display ""Disable Multi-Factor Authentication?"" title","Enable2FADialog","Mon Jan 26 22:00:26 UTC 2026","passed","Mon Jan 26 22:00:26 UTC 2026","","","",""
"Test cases for TestManagementResource_ListPermissions_InvalidFilterPredicate","0","TestManagementResource_ListPermissions_InvalidFilterPredicate","","Mon Jan 26 21:57:02 UTC 2026","passed","Mon Jan 26 21:57:02 UTC 2026","","Go Test","github.com/specterops/bloodhound/cmd/api/src/api/v2/auth/TestManagementResource_ListPermissions_InvalidFilterPredicate","TestManagementResource_ListPermissions_InvalidFilterPredicate"
"","455","calls onSave without current password when requireCurrentPassword is false","PasswordDialog","Mon Jan 26 21:57:58 UTC 2026","passed","Mon Jan 26 21:57:58 UTC 2026","","","",""
"","117","should fire Confirm once with true","ConfirmationDialog","Mon Jan 26 22:01:35 UTC 2026","passed","Mon Jan 26 22:01:35 UTC 2026","","","",""
"","642","should not allow the input to exceed the allowed length","CreateUserForm","Mon Jan 26 21:58:06 UTC 2026","passed","Mon Jan 26 21:58:06 UTC 2026","","","",""
"","115","should call onCancel when return to login button clicked","OneTimePasscodeForm","Mon Jan 26 22:01:02 UTC 2026","passed","Mon Jan 26 22:01:02 UTC 2026","","","",""
"Test cases for TestParseUserIP_RemoteAddrOnly","0","TestParseUserIP_RemoteAddrOnly","","Mon Jan 26 21:56:47 UTC 2026","passed","Mon Jan 26 21:56:47 UTC 2026","","Go Test","github.com/specterops/bloodhound/cmd/api/src/api/middleware/TestParseUserIP_RemoteAddrOnly","TestParseUserIP_RemoteAddrOnly"
"","335","does not render an edit form for the selected asset group when a user does not have graph write permissions","GroupManagement","Mon Jan 26 22:02:33 UTC 2026","passed","Mon Jan 26 22:02:33 UTC 2026","","","",""
"","854","opens and closes the filter","FileIngestFilterDialog","Mon Jan 26 21:58:13 UTC 2026","passed","Mon Jan 26 21:58:14 UTC 2026","","","",""
"Test cases for TestMarshalBool","0","TestMarshalBool","","Mon Jan 26 21:57:01 UTC 2026","passed","Mon Jan 26 21:57:01 UTC 2026","","Go Test","github.com/specterops/bloodhound/cmd/api/src/database/types/null/TestMarshalBool","TestMarshalBool"
"","3899","should clear state when logout action is dispatched","redux store","Mon Jan 26 22:02:44 UTC 2026","passed","Mon Jan 26 22:02:48 UTC 2026","","","",""
"Test cases for TestGetLatestQueryParameter","0","TestGetLatestQueryParameter","","Mon Jan 26 21:56:55 UTC 2026","passed","Mon Jan 26 21:56:55 UTC 2026","","Go Test","github.com/specterops/bloodhound/cmd/api/src/api/v2/TestGetLatestQueryParameter","TestGetLatestQueryParameter"
"","0","calls transformToFlatGraphResponse when graphData matches GraphResponse interface","normalizeGraphDataForSigma","Mon Jan 26 22:02:50 UTC 2026","passed","Mon Jan 26 22:02:50 UTC 2026","","","",""
"Test cases for TestManagementResource_DeleteUser_UserNotFound","0","TestManagementResource_DeleteUser_UserNotFound","","Mon Jan 26 21:57:17 UTC 2026","passed","Mon Jan 26 21:57:17 UTC 2026","","Go Test","github.com/specterops/bloodhound/cmd/api/src/api/v2/auth/TestManagementResource_DeleteUser_UserNotFound","TestManagementResource_DeleteUser_UserNotFound"
"Test cases for TestManagementResource_EnrollMFA","6395","TestManagementResource_EnrollMFA","","Mon Jan 26 21:57:25 UTC 2026","passed","Mon Jan 26 21:57:32 UTC 2026","","Go Test","github.com/specterops/bloodhound/cmd/api/src/api/v2/auth/TestManagementResource_EnrollMFA","TestManagementResource_EnrollMFA"
"","97","prevents a user from proceeding if the file is not valid","File Upload","Mon Jan 26 21:59:16 UTC 2026","passed","Mon Jan 26 21:59:16 UTC 2026","","","",""
"Test cases for TestMarshalFloatText","0","TestMarshalFloatText","","Mon Jan 26 21:57:01 UTC 2026","passed","Mon Jan 26 21:57:01 UTC 2026","","Go Test","github.com/specterops/bloodhound/cmd/api/src/database/types/null/TestMarshalFloatText","TestMarshalFloatText"
"Test cases for TestFeatureFlag_HA","303","TestFeatureFlag_HA","","Mon Jan 26 21:56:58 UTC 2026","passed","Mon Jan 26 21:56:59 UTC 2026","","Go Test","github.com/specterops/bloodhound/cmd/api/src/daemons/changelog/TestFeatureFlag_HA","TestFeatureFlag_HA"
"Test cases for TestTenantRoles","0","TestTenantRoles","","Mon Jan 26 21:57:21 UTC 2026","passed","Mon Jan 26 21:57:21 UTC 2026","","Go Test","github.com/specterops/bloodhound/packages/go/analysis/azure/TestTenantRoles","TestTenantRoles"
"Test cases for TestNormalizeToUTF8_LargeInput","0","TestNormalizeToUTF8_LargeInput","","Mon Jan 26 21:57:22 UTC 2026","passed","Mon Jan 26 21:57:22 UTC 2026","","Go Test","github.com/specterops/bloodhound/packages/go/bomenc/TestNormalizeToUTF8_LargeInput","TestNormalizeToUTF8_LargeInput"
"","1","takes updatedParams and current URLSearchParams and returns a function","searchParams","Mon Jan 26 22:00:17 UTC 2026","passed","Mon Jan 26 22:00:17 UTC 2026","","setSingleParamFactory","",""
"Test cases for TestBuildErrorResponseConflict","0","TestBuildErrorResponseConflict","","Mon Jan 26 21:56:43 UTC 2026","passed","Mon Jan 26 21:56:43 UTC 2026","","Go Test","github.com/specterops/bloodhound/cmd/api/src/api/TestBuildErrorResponseConflict","TestBuildErrorResponseConflict"
"Test cases for TestInt64ValueOrZero","0","TestInt64ValueOrZero","","Mon Jan 26 21:57:01 UTC 2026","passed","Mon Jan 26 21:57:01 UTC 2026","","Go Test","github.com/specterops/bloodhound/cmd/api/src/database/types/null/TestInt64ValueOrZero","TestInt64ValueOrZero"
"","241","should display filter dropwdowns","CommonSearches","Mon Jan 26 21:58:28 UTC 2026","passed","Mon Jan 26 21:58:28 UTC 2026","","","",""
"Test cases for TestGormLogAdapter_Info","0","TestGormLogAdapter_Info","","Mon Jan 26 21:57:01 UTC 2026","passed","Mon Jan 26 21:57:01 UTC 2026","","Go Test","github.com/specterops/bloodhound/cmd/api/src/database/TestGormLogAdapter_Info","TestGormLogAdapter_Info"
"","65","displays ! icon when one of the Affected Object calls fail","EntityInfoDataTable","Mon Jan 26 21:58:44 UTC 2026","passed","Mon Jan 26 21:58:44 UTC 2026","","Node count for nested table that counts all sections","",""
"","117","should have a disabled continue button","TagToZoneLabelDialog","Mon Jan 26 21:59:42 UTC 2026","passed","Mon Jan 26 21:59:42 UTC 2026","","","",""
"","11","calls the provided notification method","handleError","Mon Jan 26 22:00:20 UTC 2026","passed","Mon Jan 26 22:00:20 UTC 2026","","","",""
"Test cases for TestGraphQuery_PrepareCypherQuery","35","TestGraphQuery_PrepareCypherQuery","","Mon Jan 26 21:57:04 UTC 2026","passed","Mon Jan 26 21:57:04 UTC 2026","","Go Test","github.com/specterops/bloodhound/cmd/api/src/queries/TestGraphQuery_PrepareCypherQuery","TestGraphQuery_PrepareCypherQuery"
"Test cases for TestStringEqual","0","TestStringEqual","","Mon Jan 26 21:57:01 UTC 2026","passed","Mon Jan 26 21:57:01 UTC 2026","","Go Test","github.com/specterops/bloodhound/cmd/api/src/database/types/null/TestStringEqual","TestStringEqual"
"","0","fails for password without special characters","testPassword","Mon Jan 26 22:01:46 UTC 2026","passed","Mon Jan 26 22:01:46 UTC 2026","","","",""
"Test cases for TestUnmarshalNonIntegerNumberToInt64","0","TestUnmarshalNonIntegerNumberToInt64","","Mon Jan 26 21:57:01 UTC 2026","passed","Mon Jan 26 21:57:01 UTC 2026","","Go Test","github.com/specterops/bloodhound/cmd/api/src/database/types/null/TestUnmarshalNonIntegerNumberToInt64","TestUnmarshalNonIntegerNumberToInt64"
"","247","should render","Rule Object Select","Mon Jan 26 22:00:31 UTC 2026","passed","Mon Jan 26 22:00:31 UTC 2026","","","",""
"Test cases for TestFloatPointer","0","TestFloatPointer","","Mon Jan 26 21:57:01 UTC 2026","passed","Mon Jan 26 21:57:01 UTC 2026","","Go Test","github.com/specterops/bloodhound/cmd/api/src/database/types/null/TestFloatPointer","TestFloatPointer"
"Test cases for TestParseSkipQueryParameter","0","TestParseSkipQueryParameter","","Mon Jan 26 21:56:55 UTC 2026","passed","Mon Jan 26 21:56:55 UTC 2026","","Go Test","github.com/specterops/bloodhound/cmd/api/src/api/v2/TestParseSkipQueryParameter","TestParseSkipQueryParameter"
"","243","eventually displays a list of early access features when warning dialog is accepted","EarlyAccessFeatures","Mon Jan 26 22:02:34 UTC 2026","passed","Mon Jan 26 22:02:34 UTC 2026","","","",""
"","0","`undefined` input is provided","Parsing the debounced input for type and keyword values","Mon Jan 26 21:59:49 UTC 2026","passed","Mon Jan 26 21:59:49 UTC 2026","","","",""
"Test cases for TestGetNodeKindDisplayLabel","0","TestGetNodeKindDisplayLabel","","Mon Jan 26 21:57:18 UTC 2026","passed","Mon Jan 26 21:57:18 UTC 2026","","Go Test","github.com/specterops/bloodhound/packages/go/analysis/TestGetNodeKindDisplayLabel","TestGetNodeKindDisplayLabel"
"Test cases for TestFloatFrom","0","TestFloatFrom","","Mon Jan 26 21:57:01 UTC 2026","passed","Mon Jan 26 21:57:01 UTC 2026","","Go Test","github.com/specterops/bloodhound/cmd/api/src/database/types/null/TestFloatFrom","TestFloatFrom"
"Test cases for TestIntEqual","0","TestIntEqual","","Mon Jan 26 21:57:01 UTC 2026","passed","Mon Jan 26 21:57:01 UTC 2026","","Go Test","github.com/specterops/bloodhound/cmd/api/src/database/types/null/TestIntEqual","TestIntEqual"
"","997","should disable save button while input is empty","SaveQueryDialog","Mon Jan 26 21:57:35 UTC 2026","passed","Mon Jan 26 21:57:36 UTC 2026","","","",""
"Copyright 2021 The Go Authors. All rights reserved.TestConcat was ripped from go1.22 source and should be replaced with the stdlib implementation when we move to 1.22Original source: https:","0","TestConcat_too_large","","Mon Jan 26 21:57:38 UTC 2026","passed","Mon Jan 26 21:57:38 UTC 2026","","Go Test","github.com/specterops/bloodhound/packages/go/slicesext/TestConcat_too_large","TestConcat_too_large"
"","185","shows an error state","AssetGroupMenuItem","Mon Jan 26 21:58:35 UTC 2026","passed","Mon Jan 26 21:58:35 UTC 2026","","","",""
"","64","initializes search tab to node search if the exploreSearchTab is not a supported tab name on first render","ExploreSearch sets searchType on tab changing","Mon Jan 26 22:02:16 UTC 2026","passed","Mon Jan 26 22:02:16 UTC 2026","","","",""
"Test cases for TestManagementResource_ListRoles_Filtered","0","TestManagementResource_ListRoles_Filtered","","Mon Jan 26 21:57:02 UTC 2026","passed","Mon Jan 26 21:57:02 UTC 2026","","Go Test","github.com/specterops/bloodhound/cmd/api/src/api/v2/auth/TestManagementResource_ListRoles_Filtered","TestManagementResource_ListRoles_Filtered"
"","1","returns the same nodes from the graphData","getExploreTableData","Mon Jan 26 21:59:42 UTC 2026","passed","Mon Jan 26 21:59:42 UTC 2026","","","",""
"Test cases for TestManagementResource_UpdateUser_SelfDisable","842","TestManagementResource_UpdateUser_SelfDisable","","Mon Jan 26 21:57:14 UTC 2026","passed","Mon Jan 26 21:57:15 UTC 2026","","Go Test","github.com/specterops/bloodhound/cmd/api/src/api/v2/auth/TestManagementResource_UpdateUser_SelfDisable","TestManagementResource_UpdateUser_SelfDisable"
"Test cases for TestSet","0","TestSet","","Mon Jan 26 21:57:25 UTC 2026","passed","Mon Jan 26 21:57:25 UTC 2026","","Go Test","github.com/specterops/bloodhound/packages/go/lab/internal/TestSet","TestSet"
"Test cases for TestResources_ListADEntityRDPRights","1","TestResources_ListADEntityRDPRights","","Mon Jan 26 21:56:55 UTC 2026","passed","Mon Jan 26 21:56:55 UTC 2026","","Go Test","github.com/specterops/bloodhound/cmd/api/src/api/v2/TestResources_ListADEntityRDPRights","TestResources_ListADEntityRDPRights"
"","139","renders enabled Zone and Object tabs and disabled Rule tab","Selected Details Tabs","Mon Jan 26 21:58:54 UTC 2026","passed","Mon Jan 26 21:58:54 UTC 2026","","Selected Details Tabs - Params present","",""
"","267","filling in the name value allows updating the selector and navigates back to the details page","Tag Form","Mon Jan 26 21:57:36 UTC 2026","passed","Mon Jan 26 21:57:36 UTC 2026","","","",""
"","950","renders the form for editing an existing rule","Rule Form","Mon Jan 26 21:57:50 UTC 2026","passed","Mon Jan 26 21:57:50 UTC 2026","","","",""
"Test cases for TestActivateMFA_Failure","838","TestActivateMFA_Failure","","Mon Jan 26 21:57:42 UTC 2026","passed","Mon Jan 26 21:57:42 UTC 2026","","Go Test","github.com/specterops/bloodhound/cmd/api/src/api/v2/auth/TestActivateMFA_Failure","TestActivateMFA_Failure"
"","69","renders note header correctly","HistoryNotes Component","Mon Jan 26 22:01:30 UTC 2026","passed","Mon Jan 26 22:01:30 UTC 2026","","","",""
"","127","renders Label as first tab and is also the initially selected on first render in Labels View/Tab","Selected Details Tabs","Mon Jan 26 21:58:54 UTC 2026","passed","Mon Jan 26 21:58:54 UTC 2026","","Selected Details Tabs - Params present","",""
"","1340","should open edge filtering dialog","EdgeFilter","Mon Jan 26 21:59:29 UTC 2026","passed","Mon Jan 26 21:59:30 UTC 2026","","","",""
"","460","should not call onSave when Save button is clicked and form input is invalid","CreateUserDialog","Mon Jan 26 21:58:03 UTC 2026","passed","Mon Jan 26 21:58:03 UTC 2026","","","",""
"Test cases for TestStringSetValid","0","TestStringSetValid","","Mon Jan 26 21:57:01 UTC 2026","passed","Mon Jan 26 21:57:01 UTC 2026","","Go Test","github.com/specterops/bloodhound/cmd/api/src/database/types/null/TestStringSetValid","TestStringSetValid"
"","136","respects openIndex (default opened panel)","<DetailsAccordion />","Mon Jan 26 21:58:22 UTC 2026","passed","Mon Jan 26 21:58:22 UTC 2026","","","",""
"","0","uppercases boolean values","Formatting boolean properties","Mon Jan 26 21:58:44 UTC 2026","passed","Mon Jan 26 21:58:44 UTC 2026","","","",""
"Test cases for TestManagementResource_SAMLLoginRedirect","5","TestManagementResource_SAMLLoginRedirect","","Mon Jan 26 21:57:43 UTC 2026","passed","Mon Jan 26 21:57:43 UTC 2026","","Go Test","github.com/specterops/bloodhound/cmd/api/src/api/v2/auth/TestManagementResource_SAMLLoginRedirect","TestManagementResource_SAMLLoginRedirect"
"","284","should call onClose when the Close button is clicked","UpsertSAMLProviderForm","Mon Jan 26 22:00:35 UTC 2026","passed","Mon Jan 26 22:00:35 UTC 2026","","","",""
"","489","does not display must be new password error messages when current password is not required","PasswordDialog","Mon Jan 26 21:57:57 UTC 2026","passed","Mon Jan 26 21:57:57 UTC 2026","","","",""
"Test cases for TestResources_ListADComputerSessions","1","TestResources_ListADComputerSessions","","Mon Jan 26 21:56:55 UTC 2026","passed","Mon Jan 26 21:56:55 UTC 2026","","Go Test","github.com/specterops/bloodhound/cmd/api/src/api/v2/TestResources_ListADComputerSessions","TestResources_ListADComputerSessions"
"Test cases for TestResources_GetAZRelatedEntities","104","TestResources_GetAZRelatedEntities","","Mon Jan 26 21:56:55 UTC 2026","passed","Mon Jan 26 21:56:55 UTC 2026","","Go Test","github.com/specterops/bloodhound/cmd/api/src/api/v2/TestResources_GetAZRelatedEntities","TestResources_GetAZRelatedEntities"
"","44","should render oidc info provider","SSOProviderTable","Mon Jan 26 22:00:16 UTC 2026","passed","Mon Jan 26 22:00:16 UTC 2026","","","",""
"","56","should on clicking remove call clearSelectedItem","EdgeInfoHeader","Mon Jan 26 22:00:25 UTC 2026","passed","Mon Jan 26 22:00:25 UTC 2026","","","",""
"","64","renders a link to the documentation","BloodHoundConfiguration","Mon Jan 26 22:02:56 UTC 2026","passed","Mon Jan 26 22:02:56 UTC 2026","","","",""
"Test cases for TestDetectBOMEncoding","0","TestDetectBOMEncoding","","Mon Jan 26 21:57:22 UTC 2026","passed","Mon Jan 26 21:57:22 UTC 2026","","Go Test","github.com/specterops/bloodhound/packages/go/bomenc/TestDetectBOMEncoding","TestDetectBOMEncoding"
"","215","sets a secondary=id and searchType=pathfinding when primary is truethy","ContextMenu","Mon Jan 26 21:58:23 UTC 2026","passed","Mon Jan 26 21:58:23 UTC 2026","","","",""
"","533","should display ""Generate/Revoke API Tokens"" title","UserTokenManagementDialog","Mon Jan 26 22:00:21 UTC 2026","passed","Mon Jan 26 22:00:22 UTC 2026","","","",""
"Test cases for TestTypes_Scan_InvalidInput","0","TestTypes_Scan_InvalidInput","","Mon Jan 26 21:57:01 UTC 2026","passed","Mon Jan 26 21:57:01 UTC 2026","","Go Test","github.com/specterops/bloodhound/cmd/api/src/database/types/TestTypes_Scan_InvalidInput","TestTypes_Scan_InvalidInput"
"Test cases for Test_ConvertAzureRoleManagementPolicyAssignment","0","Test_ConvertAzureRoleManagementPolicyAssignment","","Mon Jan 26 21:57:23 UTC 2026","passed","Mon Jan 26 21:57:23 UTC 2026","","Go Test","github.com/specterops/bloodhound/packages/go/ein/Test_ConvertAzureRoleManagementPolicyAssignment","Test_ConvertAzureRoleManagementPolicyAssignment"
"","45","does not render the analysis toggle when multi tier analysis enabled is false","Tag Form","Mon Jan 26 21:57:35 UTC 2026","passed","Mon Jan 26 21:57:35 UTC 2026","","","",""
"","0","returns true if arrays have same content in different order","areArraysSimilar","Mon Jan 26 22:01:26 UTC 2026","passed","Mon Jan 26 22:01:26 UTC 2026","","","",""
"Test cases for Test_parseLatestVersion","1","Test_parseLatestVersion","","Mon Jan 26 21:57:39 UTC 2026","passed","Mon Jan 26 21:57:39 UTC 2026","","Go Test","github.com/specterops/bloodhound/packages/go/stbernard/git/Test_parseLatestVersion","Test_parseLatestVersion"
"","50","renders section when no errors occur","EntityInfoCollapsibleSection","Mon Jan 26 22:01:19 UTC 2026","passed","Mon Jan 26 22:01:19 UTC 2026","","","",""
"Test cases for Test_TopLevel","0","Test_TopLevel","","Mon Jan 26 21:57:37 UTC 2026","passed","Mon Jan 26 21:57:37 UTC 2026","","Go Test","github.com/specterops/bloodhound/packages/go/schemagen/csgen/Test_TopLevel","Test_TopLevel"
"Test cases for TestManagementResource_ListSAMLSignOnEndpoints","4","TestManagementResource_ListSAMLSignOnEndpoints","","Mon Jan 26 21:57:43 UTC 2026","passed","Mon Jan 26 21:57:43 UTC 2026","","Go Test","github.com/specterops/bloodhound/cmd/api/src/api/v2/auth/TestManagementResource_ListSAMLSignOnEndpoints","TestManagementResource_ListSAMLSignOnEndpoints"
"","7","adds new key to state","useObjectState","Mon Jan 26 22:01:12 UTC 2026","passed","Mon Jan 26 22:01:12 UTC 2026","","","",""
"Test cases for TestCache_NewCache","2","TestCache_NewCache","","Mon Jan 26 21:57:22 UTC 2026","passed","Mon Jan 26 21:57:22 UTC 2026","","Go Test","github.com/specterops/bloodhound/packages/go/cache/TestCache_NewCache","TestCache_NewCache"
"","1047","allows switching between the Zones and Labels tabs","Zone Management","Mon Jan 26 22:01:08 UTC 2026","passed","Mon Jan 26 22:01:09 UTC 2026","","","",""
"Test cases for TestResources_CreateSavedQuery_EmptyBody","0","TestResources_CreateSavedQuery_EmptyBody","","Mon Jan 26 21:56:55 UTC 2026","passed","Mon Jan 26 21:56:55 UTC 2026","","Go Test","github.com/specterops/bloodhound/cmd/api/src/api/v2/TestResources_CreateSavedQuery_EmptyBody","TestResources_CreateSavedQuery_EmptyBody"
"","129","should render all of the options as checkboxes","Checkbox group","Mon Jan 26 22:01:32 UTC 2026","passed","Mon Jan 26 22:01:32 UTC 2026","","","",""
"Test cases for TestDefaultRateLimitMiddleware","1","TestDefaultRateLimitMiddleware","","Mon Jan 26 21:56:47 UTC 2026","passed","Mon Jan 26 21:56:47 UTC 2026","","Go Test","github.com/specterops/bloodhound/cmd/api/src/api/middleware/TestDefaultRateLimitMiddleware","TestDefaultRateLimitMiddleware"
"","145","renders enabled Label, Rule and Object tabs","Selected Details Tabs","Mon Jan 26 21:58:54 UTC 2026","passed","Mon Jan 26 21:58:54 UTC 2026","","Selected Details Tabs - Params present","",""
"","0","fails for empty password","testPassword","Mon Jan 26 22:01:46 UTC 2026","passed","Mon Jan 26 22:01:46 UTC 2026","","","",""
"Test cases for TestGetMFAActivationStatus_Success","0","TestGetMFAActivationStatus_Success","","Mon Jan 26 21:57:42 UTC 2026","passed","Mon Jan 26 21:57:42 UTC 2026","","Go Test","github.com/specterops/bloodhound/cmd/api/src/api/v2/auth/TestGetMFAActivationStatus_Success","TestGetMFAActivationStatus_Success"
"","172","has the correct value for the links in the breadcrumbs","Create Update pages","Mon Jan 26 22:00:59 UTC 2026","passed","Mon Jan 26 22:01:00 UTC 2026","","","",""
"","114","renders enabled prop when flag is enabled","FeatureFlag","Mon Jan 26 22:00:40 UTC 2026","passed","Mon Jan 26 22:00:40 UTC 2026","","","",""
"","7","dismisses the ""no permission"" notification on unmount","useFinishedJobs","Mon Jan 26 21:59:12 UTC 2026","passed","Mon Jan 26 21:59:12 UTC 2026","","","",""
"","68","populates the source and destination node fields when query params are passed","usePathfindingSearch","Mon Jan 26 21:59:25 UTC 2026","passed","Mon Jan 26 21:59:25 UTC 2026","","","",""
"","36","Calls the cypher search endpoint for a node with a type that is not in our schema","EntityObjectInformation","Mon Jan 26 21:59:36 UTC 2026","passed","Mon Jan 26 21:59:36 UTC 2026","","","",""
"Test cases for TestTypes_Value","1","TestTypes_Value","","Mon Jan 26 21:57:01 UTC 2026","passed","Mon Jan 26 21:57:01 UTC 2026","","Go Test","github.com/specterops/bloodhound/cmd/api/src/database/types/TestTypes_Value","TestTypes_Value"
"Test cases for TestTimeSetValid","0","TestTimeSetValid","","Mon Jan 26 21:57:01 UTC 2026","passed","Mon Jan 26 21:57:01 UTC 2026","","Go Test","github.com/specterops/bloodhound/cmd/api/src/database/types/null/TestTimeSetValid","TestTimeSetValid"
"","0","returns true if value is null","searchParams","Mon Jan 26 22:00:17 UTC 2026","passed","Mon Jan 26 22:00:17 UTC 2026","","isEmptyParam","",""
"Test cases for TestManagementResource_SanitizeAndGetRoles","1","TestManagementResource_SanitizeAndGetRoles","","Mon Jan 26 21:57:43 UTC 2026","passed","Mon Jan 26 21:57:43 UTC 2026","","Go Test","github.com/specterops/bloodhound/cmd/api/src/api/v2/auth/TestManagementResource_SanitizeAndGetRoles","TestManagementResource_SanitizeAndGetRoles"
"Test cases for TestResources_SearchAssetGroupTags","3","TestResources_SearchAssetGroupTags","","Mon Jan 26 21:56:55 UTC 2026","passed","Mon Jan 26 21:56:55 UTC 2026","","Go Test","github.com/specterops/bloodhound/cmd/api/src/api/v2/TestResources_SearchAssetGroupTags","TestResources_SearchAssetGroupTags"
"","23","displays contact admin message when hidden edge is true","EdgeInfoContent","Mon Jan 26 21:57:51 UTC 2026","passed","Mon Jan 26 21:57:52 UTC 2026","","EdgeInfoContent support for hidden edges","",""
"","47","does not render count for a selected zone if prop is not set","DynamicDetails","Mon Jan 26 21:58:47 UTC 2026","passed","Mon Jan 26 21:58:47 UTC 2026","","","",""
"Test cases for TestResources_UpdateAssetGroupTagSelector","5","TestResources_UpdateAssetGroupTagSelector","","Mon Jan 26 21:56:55 UTC 2026","passed","Mon Jan 26 21:56:55 UTC 2026","","Go Test","github.com/specterops/bloodhound/cmd/api/src/api/v2/TestResources_UpdateAssetGroupTagSelector","TestResources_UpdateAssetGroupTagSelector"
"Test cases for TestDatabase_NullUUID","0","TestDatabase_NullUUID","","Mon Jan 26 21:57:01 UTC 2026","passed","Mon Jan 26 21:57:01 UTC 2026","","Go Test","github.com/specterops/bloodhound/cmd/api/src/database/TestDatabase_NullUUID","TestDatabase_NullUUID"
"","163","renders a filter button","FileIngestFilterDialog","Mon Jan 26 21:58:13 UTC 2026","passed","Mon Jan 26 21:58:13 UTC 2026","","","",""
"Test cases for TestSetValuesFromEnv","3","TestSetValuesFromEnv","","Mon Jan 26 21:56:57 UTC 2026","passed","Mon Jan 26 21:56:57 UTC 2026","","Go Test","github.com/specterops/bloodhound/cmd/api/src/config/TestSetValuesFromEnv","TestSetValuesFromEnv"
"","314","disables GraphButton when isCurrentSearchOpen is true","GraphControls","Mon Jan 26 21:58:15 UTC 2026","passed","Mon Jan 26 21:58:15 UTC 2026","","Searching current results","",""
"Test cases for TestBoolFrom","0","TestBoolFrom","","Mon Jan 26 21:57:01 UTC 2026","passed","Mon Jan 26 21:57:01 UTC 2026","","Go Test","github.com/specterops/bloodhound/cmd/api/src/database/types/null/TestBoolFrom","TestBoolFrom"
"","26","should display an error message if data does not return from the API","Context Selector Error","Mon Jan 26 21:57:58 UTC 2026","passed","Mon Jan 26 21:57:58 UTC 2026","","","",""
"","522","clear validation error on input","ManagedDatePicker - date validation","Mon Jan 26 21:59:31 UTC 2026","passed","Mon Jan 26 21:59:32 UTC 2026","","","",""
"Test cases for Test_PrimaryNodeKind","0","Test_PrimaryNodeKind","","Mon Jan 26 21:57:24 UTC 2026","passed","Mon Jan 26 21:57:24 UTC 2026","","Go Test","github.com/specterops/bloodhound/packages/go/graphschema/Test_PrimaryNodeKind","Test_PrimaryNodeKind"
"","494","accepts a valid file and allows the user to continue through the upload process","File Upload","Mon Jan 26 21:59:16 UTC 2026","passed","Mon Jan 26 21:59:16 UTC 2026","","","",""
"","290","Toggles node and edge labels on/off depending on their existing state","GraphControls","Mon Jan 26 21:58:14 UTC 2026","passed","Mon Jan 26 21:58:14 UTC 2026","","Toggling labels","",""
"","161","renders the form for editing an existing label","Tag Form","Mon Jan 26 21:57:35 UTC 2026","passed","Mon Jan 26 21:57:35 UTC 2026","","","",""
"","0","Origin label and sizing are used when specified","copySigmaNodesToGraphlibGraph","Mon Jan 26 22:02:44 UTC 2026","passed","Mon Jan 26 22:02:44 UTC 2026","","","",""
"Test cases for TestResources_GetComputerEntityInfo","0","TestResources_GetComputerEntityInfo","","Mon Jan 26 21:56:55 UTC 2026","passed","Mon Jan 26 21:56:55 UTC 2026","","Go Test","github.com/specterops/bloodhound/cmd/api/src/api/v2/TestResources_GetComputerEntityInfo","TestResources_GetComputerEntityInfo"
"","1273","should display all available SSO providers","UpdateUserDialog","Mon Jan 26 21:58:05 UTC 2026","passed","Mon Jan 26 21:58:06 UTC 2026","","","",""
"Test cases for TestHandleDatabaseErrorNotFound","0","TestHandleDatabaseErrorNotFound","","Mon Jan 26 21:56:43 UTC 2026","passed","Mon Jan 26 21:56:43 UTC 2026","","Go Test","github.com/specterops/bloodhound/cmd/api/src/api/TestHandleDatabaseErrorNotFound","TestHandleDatabaseErrorNotFound"
"Test cases for TestArgon2Digest_String","0","TestArgon2Digest_String","","Mon Jan 26 21:57:23 UTC 2026","passed","Mon Jan 26 21:57:23 UTC 2026","","Go Test","github.com/specterops/bloodhound/packages/go/crypto/TestArgon2Digest_String","TestArgon2Digest_String"
"","62","populates the node search field when the 'primarySearch' query param is set","useNodeSearch","Mon Jan 26 22:00:52 UTC 2026","passed","Mon Jan 26 22:00:52 UTC 2026","","","",""
"Test cases for TestGetPlatformAggregateStats_Success","0","TestGetPlatformAggregateStats_Success","","Mon Jan 26 21:56:55 UTC 2026","passed","Mon Jan 26 21:56:55 UTC 2026","","Go Test","github.com/specterops/bloodhound/cmd/api/src/api/v2/TestGetPlatformAggregateStats_Success","TestGetPlatformAggregateStats_Success"
"Test cases for TestMarshalBoolText","0","TestMarshalBoolText","","Mon Jan 26 21:57:01 UTC 2026","passed","Mon Jan 26 21:57:01 UTC 2026","","Go Test","github.com/specterops/bloodhound/cmd/api/src/database/types/null/TestMarshalBoolText","TestMarshalBoolText"
"","48","should should reflect the NOT checked state for public query","SavedQueryPermissions","Mon Jan 26 22:00:05 UTC 2026","passed","Mon Jan 26 22:00:05 UTC 2026","","","",""
"","1687","renders correct search elements after keypresses","GraphView","Mon Jan 26 22:02:34 UTC 2026","passed","Mon Jan 26 22:02:36 UTC 2026","","","",""
"Test cases for TestVersion_GreaterThan","0","TestVersion_GreaterThan","","Mon Jan 26 21:57:18 UTC 2026","passed","Mon Jan 26 21:57:18 UTC 2026","","Go Test","github.com/specterops/bloodhound/cmd/api/src/version/TestVersion_GreaterThan","TestVersion_GreaterThan"
"Test cases for TestJSONFloat_MarshalJSON","0","TestJSONFloat_MarshalJSON","","Mon Jan 26 21:57:01 UTC 2026","passed","Mon Jan 26 21:57:01 UTC 2026","","Go Test","github.com/specterops/bloodhound/cmd/api/src/database/types/nan/TestJSONFloat_MarshalJSON","TestJSONFloat_MarshalJSON"
"Test cases for TestFeatureFlagManager","1","TestFeatureFlagManager","","Mon Jan 26 21:56:58 UTC 2026","passed","Mon Jan 26 21:56:58 UTC 2026","","Go Test","github.com/specterops/bloodhound/cmd/api/src/daemons/changelog/TestFeatureFlagManager","TestFeatureFlagManager"
"Test cases for Test_filterNodesToSearchResult_default","0","Test_filterNodesToSearchResult_default","","Mon Jan 26 21:57:04 UTC 2026","passed","Mon Jan 26 21:57:04 UTC 2026","","Go Test","github.com/specterops/bloodhound/cmd/api/src/queries/Test_filterNodesToSearchResult_default","Test_filterNodesToSearchResult_default"
"Test cases for TestResources_ListAcceptedFileUploadTypes","0","TestResources_ListAcceptedFileUploadTypes","","Mon Jan 26 21:56:55 UTC 2026","passed","Mon Jan 26 21:56:55 UTC 2026","","Go Test","github.com/specterops/bloodhound/cmd/api/src/api/v2/TestResources_ListAcceptedFileUploadTypes","TestResources_ListAcceptedFileUploadTypes"
"","0","returns disabled if relationshipQueryItemId does not have a matching sourceId, edgeType, targetId","useExploreGraph","Mon Jan 26 21:59:08 UTC 2026","passed","Mon Jan 26 21:59:08 UTC 2026","composition search queries","exploreGraphQueryFactory","",""
"Test cases for TestFloatInfNaN","0","TestFloatInfNaN","","Mon Jan 26 21:57:01 UTC 2026","passed","Mon Jan 26 21:57:01 UTC 2026","","Go Test","github.com/specterops/bloodhound/cmd/api/src/database/types/null/TestFloatInfNaN","TestFloatInfNaN"
"","768","app does not crash if ""token"" cookie exists and ""persistedState"" localstorage key does not exist","redux store","Mon Jan 26 22:02:49 UTC 2026","passed","Mon Jan 26 22:02:50 UTC 2026","","","",""
"Test cases for TestUrlValidator","0","TestUrlValidator","","Mon Jan 26 21:57:18 UTC 2026","passed","Mon Jan 26 21:57:18 UTC 2026","","Go Test","github.com/specterops/bloodhound/cmd/api/src/utils/validation/TestUrlValidator","TestUrlValidator"
"","161","removes a node from an asset group tag","AssetGroupMenuItem","Mon Jan 26 21:58:36 UTC 2026","passed","Mon Jan 26 21:58:36 UTC 2026","","","",""
"","136","has styles that hide icon labels when the nav is collapsed and show labels when its expanded","MainNav","Mon Jan 26 21:58:13 UTC 2026","passed","Mon Jan 26 21:58:13 UTC 2026","","","",""
"Test cases for TestResources_GetGPOEntityInfo","0","TestResources_GetGPOEntityInfo","","Mon Jan 26 21:56:55 UTC 2026","passed","Mon Jan 26 21:56:55 UTC 2026","","Go Test","github.com/specterops/bloodhound/cmd/api/src/api/v2/TestResources_GetGPOEntityInfo","TestResources_GetGPOEntityInfo"
"Test cases for TestResources_ListEdgeTypes","60","TestResources_ListEdgeTypes","","Mon Jan 26 21:56:55 UTC 2026","passed","Mon Jan 26 21:56:55 UTC 2026","","Go Test","github.com/specterops/bloodhound/cmd/api/src/api/v2/TestResources_ListEdgeTypes","TestResources_ListEdgeTypes"
"","2","returns the node_keys from the graphData with duplicate keys removed and known keys added","getExploreTableData","Mon Jan 26 21:59:42 UTC 2026","passed","Mon Jan 26 21:59:42 UTC 2026","","","",""
"","39","does not render when ruleId is empty","Delete Selector Button rendering","Mon Jan 26 22:01:28 UTC 2026","passed","Mon Jan 26 22:01:28 UTC 2026","","","",""
"Test cases for TestResources_DeleteAssetGroupTagSelector","1","TestResources_DeleteAssetGroupTagSelector","","Mon Jan 26 21:56:55 UTC 2026","passed","Mon Jan 26 21:56:55 UTC 2026","","Go Test","github.com/specterops/bloodhound/cmd/api/src/api/v2/TestResources_DeleteAssetGroupTagSelector","TestResources_DeleteAssetGroupTagSelector"
"Test cases for TestManagementResource_ListUsers_InvalidFilterPredicate","0","TestManagementResource_ListUsers_InvalidFilterPredicate","","Mon Jan 26 21:57:02 UTC 2026","passed","Mon Jan 26 21:57:02 UTC 2026","","Go Test","github.com/specterops/bloodhound/cmd/api/src/api/v2/auth/TestManagementResource_ListUsers_InvalidFilterPredicate","TestManagementResource_ListUsers_InvalidFilterPredicate"
"","491","should display Environmental Targeted Access Control panel when showEnvironmentAccessControls prop is true and read-only role is selected","UpdateUserForm","Mon Jan 26 21:57:43 UTC 2026","passed","Mon Jan 26 21:57:43 UTC 2026","","","",""
"","7","sets autoDisplayTable to false if query type is composition","useExploreTableAutoDisplay","Mon Jan 26 22:00:44 UTC 2026","passed","Mon Jan 26 22:00:44 UTC 2026","","","",""
"Test cases for TestResources_ListADOUContainedUsers","1","TestResources_ListADOUContainedUsers","","Mon Jan 26 21:56:55 UTC 2026","passed","Mon Jan 26 21:56:55 UTC 2026","","Go Test","github.com/specterops/bloodhound/cmd/api/src/api/v2/TestResources_ListADOUContainedUsers","TestResources_ListADOUContainedUsers"
"","73","navigates to the specified route with global params intact","AppNavigate","Mon Jan 26 22:00:31 UTC 2026","passed","Mon Jan 26 22:00:31 UTC 2026","","","",""
"","2010","Clicking on a row causes row to be selected","ExploreTable","Mon Jan 26 21:57:37 UTC 2026","passed","Mon Jan 26 21:57:39 UTC 2026","","","",""
"","808","should hide Environmental Targeted Access Control panel when showEnvironmentAccessControls prop is true and admin role is selected","UpdateUserForm","Mon Jan 26 21:57:45 UTC 2026","passed","Mon Jan 26 21:57:46 UTC 2026","","","",""
"","3","handles ISO 8601 formatted date strings and converts it into our standard date display format","Formatting string properties","Mon Jan 26 21:58:44 UTC 2026","passed","Mon Jan 26 21:58:44 UTC 2026","","","",""
"Test cases for TestManagementResource_DeleteAuthToken","7","TestManagementResource_DeleteAuthToken","","Mon Jan 26 21:57:43 UTC 2026","passed","Mon Jan 26 21:57:43 UTC 2026","","Go Test","github.com/specterops/bloodhound/cmd/api/src/api/v2/auth/TestManagementResource_DeleteAuthToken","TestManagementResource_DeleteAuthToken"
"","5","sets autoDisplayTable to false if query type is pathfinding","useExploreTableAutoDisplay","Mon Jan 26 22:00:44 UTC 2026","passed","Mon Jan 26 22:00:44 UTC 2026","","","",""
"","367","should render","LoginForm","Mon Jan 26 22:01:07 UTC 2026","passed","Mon Jan 26 22:01:08 UTC 2026","","","",""
"","750","should not allow the input to exceed the allowed length","UpdateUserForm","Mon Jan 26 21:57:41 UTC 2026","passed","Mon Jan 26 21:57:42 UTC 2026","","","",""
"","5","removes a notification","AppNotifications","Mon Jan 26 22:00:31 UTC 2026","passed","Mon Jan 26 22:00:31 UTC 2026","","","",""
"","271","should display ""Close"" button","UserTokenManagementDialog","Mon Jan 26 22:00:22 UTC 2026","passed","Mon Jan 26 22:00:22 UTC 2026","","","",""
"","1","If for some reason the node size is not defined return 1 as a default","getNodeRadius","Mon Jan 26 22:02:45 UTC 2026","passed","Mon Jan 26 22:02:45 UTC 2026","","","",""
"Test cases for TestResources_ListADOUContainedComputers","0","TestResources_ListADOUContainedComputers","","Mon Jan 26 21:56:55 UTC 2026","passed","Mon Jan 26 21:56:55 UTC 2026","","Go Test","github.com/specterops/bloodhound/cmd/api/src/api/v2/TestResources_ListADOUContainedComputers","TestResources_ListADOUContainedComputers"
"","39","the queries in the list only include nodes and edges that are defined in our schema","common search list","Mon Jan 26 22:01:25 UTC 2026","passed","Mon Jan 26 22:01:25 UTC 2026","","","",""
"Test cases for TestParseUserIP_XForwardedFor_RemoteAddr","0","TestParseUserIP_XForwardedFor_RemoteAddr","","Mon Jan 26 21:56:47 UTC 2026","passed","Mon Jan 26 21:56:47 UTC 2026","","Go Test","github.com/specterops/bloodhound/cmd/api/src/api/middleware/TestParseUserIP_XForwardedFor_RemoteAddr","TestParseUserIP_XForwardedFor_RemoteAddr"
"","15","makes no count request when neither a Tag or Rule is selected (tagId and ruleId are undefined from path params","useObjectCounts","Mon Jan 26 22:01:21 UTC 2026","passed","Mon Jan 26 22:01:21 UTC 2026","","","",""
"Test cases for TestSignRequestValuesSuccess","0","TestSignRequestValuesSuccess","","Mon Jan 26 21:56:42 UTC 2026","passed","Mon Jan 26 21:56:42 UTC 2026","","Go Test","github.com/specterops/bloodhound/cmd/api/src/api/TestSignRequestValuesSuccess","TestSignRequestValuesSuccess"
"","214","adds node to asset group tag without confirmation","AssetGroupMenuItem","Mon Jan 26 21:58:35 UTC 2026","passed","Mon Jan 26 21:58:36 UTC 2026","","","",""
"","166","Verify Vault Reader count is the count returned by All Readers","EntityInfoDataTableGraphed","Mon Jan 26 21:58:42 UTC 2026","passed","Mon Jan 26 21:58:42 UTC 2026","","Node count for Vault Readers nested table","",""
"","37","calls getKey for each item (stable keys hook)","<DetailsAccordion />","Mon Jan 26 21:58:21 UTC 2026","passed","Mon Jan 26 21:58:22 UTC 2026","","","",""
"","123","should should reflect the checked state for public query","SavedQueryPermissions","Mon Jan 26 22:00:05 UTC 2026","passed","Mon Jan 26 22:00:05 UTC 2026","","","",""
"Test cases for Test_NewSpecWithHooks","0","Test_NewSpecWithHooks","","Mon Jan 26 21:57:24 UTC 2026","passed","Mon Jan 26 21:57:24 UTC 2026","","Go Test","github.com/specterops/bloodhound/packages/go/lab/Test_NewSpecWithHooks","Test_NewSpecWithHooks"
"","768","calls the passed in select handler when clicking the Confirm button","Glyph Select Dialog","Mon Jan 26 22:01:24 UTC 2026","passed","Mon Jan 26 22:01:25 UTC 2026","","","",""
"","393","should not call onSave when Save button is clicked and form input is invalid","UpdateUserDialog","Mon Jan 26 21:58:03 UTC 2026","passed","Mon Jan 26 21:58:04 UTC 2026","","","",""
"","924","dark mode should persist between logging in and out","redux store","Mon Jan 26 22:02:48 UTC 2026","passed","Mon Jan 26 22:02:49 UTC 2026","","","",""
"","0","returns false for arrays with different object references","areArraysSimilar","Mon Jan 26 22:01:26 UTC 2026","passed","Mon Jan 26 22:01:26 UTC 2026","","","",""
"Test cases for TestBuildErrorResponseDefault","0","TestBuildErrorResponseDefault","","Mon Jan 26 21:56:43 UTC 2026","passed","Mon Jan 26 21:56:43 UTC 2026","","Go Test","github.com/specterops/bloodhound/cmd/api/src/api/TestBuildErrorResponseDefault","TestBuildErrorResponseDefault"
"Test cases for TestQueries_GetRequestedType","0","TestQueries_GetRequestedType","","Mon Jan 26 21:57:04 UTC 2026","passed","Mon Jan 26 21:57:04 UTC 2026","","Go Test","github.com/specterops/bloodhound/cmd/api/src/queries/TestQueries_GetRequestedType","TestQueries_GetRequestedType"
"Test cases for TestManagementResource_ServeMetadata","10","TestManagementResource_ServeMetadata","","Mon Jan 26 21:57:43 UTC 2026","passed","Mon Jan 26 21:57:43 UTC 2026","","Go Test","github.com/specterops/bloodhound/cmd/api/src/api/v2/auth/TestManagementResource_ServeMetadata","TestManagementResource_ServeMetadata"
"Test cases for TestResources_ListAuditLogs_PredicateMismatchWithColumn","0","TestResources_ListAuditLogs_PredicateMismatchWithColumn","","Mon Jan 26 21:56:55 UTC 2026","passed","Mon Jan 26 21:56:55 UTC 2026","","Go Test","github.com/specterops/bloodhound/cmd/api/src/api/v2/TestResources_ListAuditLogs_PredicateMismatchWithColumn","TestResources_ListAuditLogs_PredicateMismatchWithColumn"
"","61","displays a warning when there is a problem fetching the list of collectors","DownloadCollectors","Mon Jan 26 22:02:15 UTC 2026","passed","Mon Jan 26 22:02:15 UTC 2026","","","",""
"","2","rounds down fractional minutes/days","getSimpleDuration","Mon Jan 26 22:01:04 UTC 2026","passed","Mon Jan 26 22:01:04 UTC 2026","","","",""
"Test cases for TestResources_ListAssetGroups","0","TestResources_ListAssetGroups","","Mon Jan 26 21:56:55 UTC 2026","passed","Mon Jan 26 21:56:55 UTC 2026","","Go Test","github.com/specterops/bloodhound/cmd/api/src/api/v2/TestResources_ListAssetGroups","TestResources_ListAssetGroups"
"Test cases for TestCache_Get","1","TestCache_Get","","Mon Jan 26 21:57:22 UTC 2026","passed","Mon Jan 26 21:57:22 UTC 2026","","Go Test","github.com/specterops/bloodhound/packages/go/cache/TestCache_Get","TestCache_Get"
"","47","sets autoDisplayTable to false if query returns edges","useExploreTableAutoDisplay","Mon Jan 26 22:00:44 UTC 2026","passed","Mon Jan 26 22:00:44 UTC 2026","","","",""
"","126","enables returning a list of tags","the useAssetGroupTags utilities","Mon Jan 26 21:58:25 UTC 2026","passed","Mon Jan 26 21:58:25 UTC 2026","","","",""
"","154","should call onCancel when cancel button clicked","LoginViaSSOForm","Mon Jan 26 22:00:11 UTC 2026","passed","Mon Jan 26 22:00:11 UTC 2026","","","",""
"Test cases for TestGraphQuery_RawCypherQuery","7","TestGraphQuery_RawCypherQuery","","Mon Jan 26 21:57:04 UTC 2026","passed","Mon Jan 26 21:57:04 UTC 2026","","Go Test","github.com/specterops/bloodhound/cmd/api/src/queries/TestGraphQuery_RawCypherQuery","TestGraphQuery_RawCypherQuery"
"","101","defaults to wrapped and removes .wrapped class when unwrap btn is clicked","CodeController","Mon Jan 26 22:01:31 UTC 2026","passed","Mon Jan 26 22:01:31 UTC 2026","","","",""
"","67","should display a total count of asset group members","AssetGroupEdit","Mon Jan 26 22:00:05 UTC 2026","passed","Mon Jan 26 22:00:05 UTC 2026","","","",""
"","425","should call performSearch on keyboard press alt+R","CypherSearch","Mon Jan 26 21:59:45 UTC 2026","passed","Mon Jan 26 21:59:46 UTC 2026","","","",""
"","1","calculates skip correctly for pageParam > 1","createHistoryParams","Mon Jan 26 22:00:49 UTC 2026","passed","Mon Jan 26 22:00:49 UTC 2026","","","",""
"","1061","renders asset group edit options with graph write permissions","ContextMenu","Mon Jan 26 22:02:21 UTC 2026","passed","Mon Jan 26 22:02:22 UTC 2026","","","",""
"","24","renders correctly when an unexpected nodeType is passed","NodeIcon","Mon Jan 26 22:01:09 UTC 2026","passed","Mon Jan 26 22:01:09 UTC 2026","","","",""
"Test cases for TestManagementResource_SSOCallbackHandler","4","TestManagementResource_SSOCallbackHandler","","Mon Jan 26 21:57:43 UTC 2026","passed","Mon Jan 26 21:57:43 UTC 2026","","Go Test","github.com/specterops/bloodhound/cmd/api/src/api/v2/auth/TestManagementResource_SSOCallbackHandler","TestManagementResource_SSOCallbackHandler"
"","634","renders a link to the explore page when member is clicked","GroupManagement","Mon Jan 26 22:02:34 UTC 2026","passed","Mon Jan 26 22:02:35 UTC 2026","","","",""
"Test cases for TestAuthExtensions","2","TestAuthExtensions","","Mon Jan 26 21:56:43 UTC 2026","passed","Mon Jan 26 21:56:43 UTC 2026","","Go Test","github.com/specterops/bloodhound/cmd/api/src/api/TestAuthExtensions","TestAuthExtensions"
"","9","should not render when data is present","NoDataDialog","Mon Jan 26 22:01:43 UTC 2026","passed","Mon Jan 26 22:01:43 UTC 2026","","","",""
"","2","handles percent values by multiplying by 100, truncating to an integer, and adding a ""%"" to the end","Formatting number properties","Mon Jan 26 21:58:44 UTC 2026","passed","Mon Jan 26 21:58:44 UTC 2026","","","",""
"","0","handles unix time values by converting them to our standard date display format","Formatting number properties","Mon Jan 26 21:58:44 UTC 2026","passed","Mon Jan 26 21:58:44 UTC 2026","","","",""
"Test cases for TestBoolValueOrZero","0","TestBoolValueOrZero","","Mon Jan 26 21:57:01 UTC 2026","passed","Mon Jan 26 21:57:01 UTC 2026","","Go Test","github.com/specterops/bloodhound/cmd/api/src/database/types/null/TestBoolValueOrZero","TestBoolValueOrZero"
"","513","runs the query and calls dispatch to set the node results","PrivilegeZonesCypherEditor Search component for Zone Management","Mon Jan 26 22:00:41 UTC 2026","passed","Mon Jan 26 22:00:42 UTC 2026","","","",""
"Test cases for TestAssetGroupMembers_BuildFilteringConditional_Error","0","TestAssetGroupMembers_BuildFilteringConditional_Error","","Mon Jan 26 21:56:42 UTC 2026","passed","Mon Jan 26 21:56:42 UTC 2026","","Go Test","github.com/specterops/bloodhound/cmd/api/src/api/TestAssetGroupMembers_BuildFilteringConditional_Error","TestAssetGroupMembers_BuildFilteringConditional_Error"
"Test cases for TestGetPageParamsForGraphQuery","0","TestGetPageParamsForGraphQuery","","Mon Jan 26 21:57:17 UTC 2026","passed","Mon Jan 26 21:57:17 UTC 2026","","Go Test","github.com/specterops/bloodhound/cmd/api/src/utils/TestGetPageParamsForGraphQuery","TestGetPageParamsForGraphQuery"
"","394","renders the popup content with run, edit/share, and delete when the menu trigger","ListItemActionMenu","Mon Jan 26 22:00:17 UTC 2026","passed","Mon Jan 26 22:00:18 UTC 2026","","","",""
"Test cases for TestResources_ListADDomainContainedOUs","0","TestResources_ListADDomainContainedOUs","","Mon Jan 26 21:56:55 UTC 2026","passed","Mon Jan 26 21:56:55 UTC 2026","","Go Test","github.com/specterops/bloodhound/cmd/api/src/api/v2/TestResources_ListADDomainContainedOUs","TestResources_ListADDomainContainedOUs"
"Test cases for Test_FixtureSetup","0","Test_FixtureSetup","","Mon Jan 26 21:57:24 UTC 2026","passed","Mon Jan 26 21:57:24 UTC 2026","","Go Test","github.com/specterops/bloodhound/packages/go/lab/Test_FixtureSetup","Test_FixtureSetup"
"Test cases for Test_formatSearchResults_limit","0","Test_formatSearchResults_limit","","Mon Jan 26 21:57:04 UTC 2026","passed","Mon Jan 26 21:57:04 UTC 2026","","Go Test","github.com/specterops/bloodhound/cmd/api/src/queries/Test_formatSearchResults_limit","Test_formatSearchResults_limit"
"Test cases for TestResources_UpdateAssetGroupSelectors_GetAssetGroupError","0","TestResources_UpdateAssetGroupSelectors_GetAssetGroupError","","Mon Jan 26 21:56:55 UTC 2026","passed","Mon Jan 26 21:56:55 UTC 2026","","Go Test","github.com/specterops/bloodhound/cmd/api/src/api/v2/TestResources_UpdateAssetGroupSelectors_GetAssetGroupError","TestResources_UpdateAssetGroupSelectors_GetAssetGroupError"
"Test cases for TestResources_DeleteSavedQuery_UserNotAdmin","0","TestResources_DeleteSavedQuery_UserNotAdmin","","Mon Jan 26 21:56:55 UTC 2026","passed","Mon Jan 26 21:56:55 UTC 2026","","Go Test","github.com/specterops/bloodhound/cmd/api/src/api/v2/TestResources_DeleteSavedQuery_UserNotAdmin","TestResources_DeleteSavedQuery_UserNotAdmin"
"","1","returns graphData as is if it doesnt match the GraphResponse interface","normalizeGraphDataForSigma","Mon Jan 26 22:02:50 UTC 2026","passed","Mon Jan 26 22:02:50 UTC 2026","","","",""
"","17","renders details for a selected rule and is of type ""Object""","DynamicDetails","Mon Jan 26 21:58:47 UTC 2026","passed","Mon Jan 26 21:58:47 UTC 2026","","","",""
"Test cases for TestRoleAssignments_NodesWithRole","0","TestRoleAssignments_NodesWithRole","","Mon Jan 26 21:57:21 UTC 2026","passed","Mon Jan 26 21:57:21 UTC 2026","","Go Test","github.com/specterops/bloodhound/packages/go/analysis/azure/TestRoleAssignments_NodesWithRole","TestRoleAssignments_NodesWithRole"
"Test cases for Test_SetDependency","0","Test_SetDependency","","Mon Jan 26 21:57:24 UTC 2026","passed","Mon Jan 26 21:57:24 UTC 2026","","Go Test","github.com/specterops/bloodhound/packages/go/lab/Test_SetDependency","Test_SetDependency"
"","2","The data is loading","Getting the text for the disabled item display for a search when there are no results","Mon Jan 26 21:59:49 UTC 2026","passed","Mon Jan 26 21:59:49 UTC 2026","","Loading states","",""
"","14","returns early if there are no 'collected' environments","useInitialEnvironment","Mon Jan 26 22:00:39 UTC 2026","passed","Mon Jan 26 22:00:39 UTC 2026","","","",""
"","199","should display a searchbox with a placeholder when rendered","AssetGroupEdit","Mon Jan 26 22:00:04 UTC 2026","passed","Mon Jan 26 22:00:05 UTC 2026","","","",""
"Test cases for TestPasswordValidator","0","TestPasswordValidator","","Mon Jan 26 21:57:18 UTC 2026","passed","Mon Jan 26 21:57:18 UTC 2026","","Go Test","github.com/specterops/bloodhound/cmd/api/src/utils/validation/TestPasswordValidator","TestPasswordValidator"
"","1226","should display all available SSO providers","CreateUserDialog","Mon Jan 26 21:58:05 UTC 2026","passed","Mon Jan 26 21:58:06 UTC 2026","","","",""
"","0","returns false if value is 'array'","searchParams","Mon Jan 26 22:00:17 UTC 2026","passed","Mon Jan 26 22:00:17 UTC 2026","","isEmptyParam","",""
"Test cases for Test_UseFixture","1","Test_UseFixture","","Mon Jan 26 21:57:24 UTC 2026","passed","Mon Jan 26 21:57:24 UTC 2026","","Go Test","github.com/specterops/bloodhound/packages/go/lab/Test_UseFixture","Test_UseFixture"
"Test cases for TestManagementResource_DeleteSAMLProvider","0","TestManagementResource_DeleteSAMLProvider","","Mon Jan 26 21:57:02 UTC 2026","passed","Mon Jan 26 21:57:02 UTC 2026","","Go Test","github.com/specterops/bloodhound/cmd/api/src/api/v2/auth/TestManagementResource_DeleteSAMLProvider","TestManagementResource_DeleteSAMLProvider"
"Test cases for TestCreateUser_FailureDuplicateEmail","981","TestCreateUser_FailureDuplicateEmail","","Mon Jan 26 21:57:02 UTC 2026","passed","Mon Jan 26 21:57:03 UTC 2026","","Go Test","github.com/specterops/bloodhound/cmd/api/src/api/v2/auth/TestCreateUser_FailureDuplicateEmail","TestCreateUser_FailureDuplicateEmail"
"Test cases for TestContextMiddleware","0","TestContextMiddleware","","Mon Jan 26 21:56:47 UTC 2026","passed","Mon Jan 26 21:56:47 UTC 2026","","Go Test","github.com/specterops/bloodhound/cmd/api/src/api/middleware/TestContextMiddleware","TestContextMiddleware"
"","61","returns the full environment for the environmentid passed","useAvailableEnvironments","Mon Jan 26 22:00:51 UTC 2026","passed","Mon Jan 26 22:00:51 UTC 2026","","useSelectedEnvironment","",""
"","339","should disable Cancel and Save buttons while isLoading is true","CreateUserDialog","Mon Jan 26 21:58:06 UTC 2026","passed","Mon Jan 26 21:58:06 UTC 2026","","","",""
"","125","renders the total count and object counts on success","ObjectCountPanel","Mon Jan 26 22:01:14 UTC 2026","passed","Mon Jan 26 22:01:14 UTC 2026","","","",""
"","5","returns the remaining amount of zones available for creation","useTagLimits","Mon Jan 26 21:58:01 UTC 2026","passed","Mon Jan 26 21:58:01 UTC 2026","","","",""
"Test cases for Test_NewRequestSignature","0","Test_NewRequestSignature","","Mon Jan 26 21:56:42 UTC 2026","passed","Mon Jan 26 21:56:42 UTC 2026","","Go Test","github.com/specterops/bloodhound/cmd/api/src/api/Test_NewRequestSignature","Test_NewRequestSignature"
"","127","calls onClick when toggle button clicked","EarlyAccessFeatureToggle","Mon Jan 26 22:02:48 UTC 2026","passed","Mon Jan 26 22:02:48 UTC 2026","","","",""
"","452","clicking a delete button calls deleteHandler","PrebuiltSearchList","Mon Jan 26 22:00:10 UTC 2026","passed","Mon Jan 26 22:00:10 UTC 2026","","","",""
"","274","Selecting an edge with a Computer target node that does not have haslaps enabled shows correct Windows Abuse text","EdgeInfoContent","Mon Jan 26 21:57:51 UTC 2026","passed","Mon Jan 26 21:57:51 UTC 2026","","","",""
"","108","Disable Analyze Now and change to Analyzing if datapipe status is different from ""idle""","AnalyzeNowConfiguration","Mon Jan 26 21:58:47 UTC 2026","passed","Mon Jan 26 21:58:48 UTC 2026","","","",""
"Test cases for TestResources_ListADDomainDCSyncers","0","TestResources_ListADDomainDCSyncers","","Mon Jan 26 21:56:55 UTC 2026","passed","Mon Jan 26 21:56:55 UTC 2026","","Go Test","github.com/specterops/bloodhound/cmd/api/src/api/v2/TestResources_ListADDomainDCSyncers","TestResources_ListADDomainDCSyncers"
"Test cases for TestUnmarshalNonIntegerNumber","0","TestUnmarshalNonIntegerNumber","","Mon Jan 26 21:57:01 UTC 2026","passed","Mon Jan 26 21:57:01 UTC 2026","","Go Test","github.com/specterops/bloodhound/cmd/api/src/database/types/null/TestUnmarshalNonIntegerNumber","TestUnmarshalNonIntegerNumber"
"","7","should handle special characters","HighlightedText","Mon Jan 26 22:01:03 UTC 2026","passed","Mon Jan 26 22:01:03 UTC 2026","","","",""
"Test cases for Test_filterNodesToSearchResult_includeOpenGraphNodes","0","Test_filterNodesToSearchResult_includeOpenGraphNodes","","Mon Jan 26 21:57:04 UTC 2026","passed","Mon Jan 26 21:57:04 UTC 2026","","Go Test","github.com/specterops/bloodhound/cmd/api/src/queries/Test_filterNodesToSearchResult_includeOpenGraphNodes","Test_filterNodesToSearchResult_includeOpenGraphNodes"
"","550","changes the text from ""Disabled"" to ""Enabled"" when the Rule Status switch is toggled","Rule Form","Mon Jan 26 21:57:50 UTC 2026","passed","Mon Jan 26 21:57:51 UTC 2026","","","",""
"Test cases for TestDatabase_GetAssetGroupTagSelector","0","TestDatabase_GetAssetGroupTagSelector","","Mon Jan 26 21:56:55 UTC 2026","passed","Mon Jan 26 21:56:55 UTC 2026","","Go Test","github.com/specterops/bloodhound/cmd/api/src/api/v2/TestDatabase_GetAssetGroupTagSelector","TestDatabase_GetAssetGroupTagSelector"
"","1753","when user performs a pathfinding search, and then clicks the swap button, the start and destination inputs are swapped","Pathfinding: interaction","Mon Jan 26 21:59:01 UTC 2026","passed","Mon Jan 26 21:59:02 UTC 2026","","","",""
"","94","returns Tag Object counts when there is a Tag selected but no Rule selected (ruleId is undefined from path params)","useObjectCounts","Mon Jan 26 22:01:21 UTC 2026","passed","Mon Jan 26 22:01:21 UTC 2026","","","",""
"","0","fails for password without lowercase letters","testPassword","Mon Jan 26 22:01:46 UTC 2026","passed","Mon Jan 26 22:01:46 UTC 2026","","","",""
"Test cases for TestManagementResource_UpdateUser_LookupActiveSessionsError","844","TestManagementResource_UpdateUser_LookupActiveSessionsError","","Mon Jan 26 21:57:15 UTC 2026","passed","Mon Jan 26 21:57:16 UTC 2026","","Go Test","github.com/specterops/bloodhound/cmd/api/src/api/v2/auth/TestManagementResource_UpdateUser_LookupActiveSessionsError","TestManagementResource_UpdateUser_LookupActiveSessionsError"
"","60","returns false on 404","useGraphHasData","Mon Jan 26 22:01:15 UTC 2026","passed","Mon Jan 26 22:01:15 UTC 2026","","","",""
"Test cases for TestResources_ExportSavedQueries","20","TestResources_ExportSavedQueries","","Mon Jan 26 21:56:55 UTC 2026","passed","Mon Jan 26 21:56:55 UTC 2026","","Go Test","github.com/specterops/bloodhound/cmd/api/src/api/v2/TestResources_ExportSavedQueries","TestResources_ExportSavedQueries"
"Test cases for TestManagementResource_ListPermissions_DBError","0","TestManagementResource_ListPermissions_DBError","","Mon Jan 26 21:57:02 UTC 2026","passed","Mon Jan 26 21:57:02 UTC 2026","","Go Test","github.com/specterops/bloodhound/cmd/api/src/api/v2/auth/TestManagementResource_ListPermissions_DBError","TestManagementResource_ListPermissions_DBError"
"Test cases for TestArgon2_Digest","3","TestArgon2_Digest","","Mon Jan 26 21:57:23 UTC 2026","passed","Mon Jan 26 21:57:23 UTC 2026","","Go Test","github.com/specterops/bloodhound/packages/go/crypto/TestArgon2_Digest","TestArgon2_Digest"
"Test cases for TestRequiredValidator","0","TestRequiredValidator","","Mon Jan 26 21:57:18 UTC 2026","passed","Mon Jan 26 21:57:18 UTC 2026","","Go Test","github.com/specterops/bloodhound/cmd/api/src/utils/validation/TestRequiredValidator","TestRequiredValidator"
"","472","should close the dialog when the Cancel button is clicked","Privilege Zones History Filter Dialog","Mon Jan 26 21:59:15 UTC 2026","passed","Mon Jan 26 21:59:15 UTC 2026","","","",""
"","199","calls setExploreParams with only the expandedSection label when selecting any accordion that is not composition","EdgeInfoContent","Mon Jan 26 21:57:51 UTC 2026","passed","Mon Jan 26 21:57:51 UTC 2026","","EdgeInfoContent support for Deep Linking","",""
"Test cases for TestResources_ListAssetGroupMembers","1","TestResources_ListAssetGroupMembers","","Mon Jan 26 21:56:55 UTC 2026","passed","Mon Jan 26 21:56:55 UTC 2026","","Go Test","github.com/specterops/bloodhound/cmd/api/src/api/v2/TestResources_ListAssetGroupMembers","TestResources_ListAssetGroupMembers"
"Test cases for TestSignRequestValuesUnsupportedHMACMethod","0","TestSignRequestValuesUnsupportedHMACMethod","","Mon Jan 26 21:56:42 UTC 2026","passed","Mon Jan 26 21:56:42 UTC 2026","","Go Test","github.com/specterops/bloodhound/cmd/api/src/api/TestSignRequestValuesUnsupportedHMACMethod","TestSignRequestValuesUnsupportedHMACMethod"
"","133","buttons are disabled while loading","OneTimePasscodeForm","Mon Jan 26 22:01:02 UTC 2026","passed","Mon Jan 26 22:01:02 UTC 2026","","","",""
"Test cases for TestOverwriteQueryParamIfHeaderAndParamExist","2","TestOverwriteQueryParamIfHeaderAndParamExist","","Mon Jan 26 21:57:18 UTC 2026","passed","Mon Jan 26 21:57:18 UTC 2026","","Go Test","github.com/specterops/bloodhound/cmd/api/src/utils/test/TestOverwriteQueryParamIfHeaderAndParamExist","TestOverwriteQueryParamIfHeaderAndParamExist"
"Test cases for TestResources_ListADDomainForeignGroups","0","TestResources_ListADDomainForeignGroups","","Mon Jan 26 21:56:55 UTC 2026","passed","Mon Jan 26 21:56:55 UTC 2026","","Go Test","github.com/specterops/bloodhound/cmd/api/src/api/v2/TestResources_ListADDomainForeignGroups","TestResources_ListADDomainForeignGroups"
"","20","whencreated","Handling value formatting for Active Directory entity properties lastlogon, lastlogontimestamp, whencreated, and pwdlastset","Mon Jan 26 21:58:43 UTC 2026","passed","Mon Jan 26 21:58:44 UTC 2026","","","",""
"","93","calls onConfirm when confirm button clicked","EarlyAccessFeaturesWarningDialog","Mon Jan 26 22:02:55 UTC 2026","passed","Mon Jan 26 22:02:55 UTC 2026","","","",""
"Test cases for TestManagementResource_GetPermission","41416","TestManagementResource_GetPermission","","Mon Jan 26 21:57:02 UTC 2026","passed","Mon Jan 26 21:57:43 UTC 2026","","Go Test","github.com/specterops/bloodhound/cmd/api/src/api/v2/auth/TestManagementResource_GetPermission","TestManagementResource_GetPermission"
"Test cases for TestResources_GetEdgeACLInheritancePath","79","TestResources_GetEdgeACLInheritancePath","","Mon Jan 26 21:56:55 UTC 2026","passed","Mon Jan 26 21:56:55 UTC 2026","","Go Test","github.com/specterops/bloodhound/cmd/api/src/api/v2/TestResources_GetEdgeACLInheritancePath","TestResources_GetEdgeACLInheritancePath"
"","39","initializes the list with all filters checked by default","usePathfindingFilters","Mon Jan 26 22:01:13 UTC 2026","passed","Mon Jan 26 22:01:13 UTC 2026","","","",""
"","288","sets a primarySearch=id and searchType=node when secondarySearch is falsey","ContextMenu","Mon Jan 26 21:58:22 UTC 2026","passed","Mon Jan 26 21:58:22 UTC 2026","","","",""
"","0","runs a pathfinding search when the query param is set to ""pathfinding""","useExploreGraph","Mon Jan 26 21:59:08 UTC 2026","passed","Mon Jan 26 21:59:08 UTC 2026","","exploreGraphQueryFactory","",""
"Test cases for TestResources_ListCAPKIHierarchy","1","TestResources_ListCAPKIHierarchy","","Mon Jan 26 21:56:55 UTC 2026","passed","Mon Jan 26 21:56:55 UTC 2026","","Go Test","github.com/specterops/bloodhound/cmd/api/src/api/v2/TestResources_ListCAPKIHierarchy","TestResources_ListCAPKIHierarchy"
"Test cases for TestConvertComputerToNode","0","TestConvertComputerToNode","","Mon Jan 26 21:57:23 UTC 2026","passed","Mon Jan 26 21:57:23 UTC 2026","","Go Test","github.com/specterops/bloodhound/packages/go/ein/TestConvertComputerToNode","TestConvertComputerToNode"
"","2469","Sort arrow is visible and direction is correct","ExploreTable","Mon Jan 26 21:57:41 UTC 2026","passed","Mon Jan 26 21:57:43 UTC 2026","","","",""
"","192","renders a confirm dialg","ConfirmDeleteQueryDialog","Mon Jan 26 22:01:39 UTC 2026","passed","Mon Jan 26 22:01:39 UTC 2026","","","",""
"Test cases for Test_cacheQueryResult","0","Test_cacheQueryResult","","Mon Jan 26 21:57:04 UTC 2026","passed","Mon Jan 26 21:57:04 UTC 2026","","Go Test","github.com/specterops/bloodhound/cmd/api/src/queries/Test_cacheQueryResult","Test_cacheQueryResult"
"","44","renders three animated dots","ProcessingIndicator","Mon Jan 26 22:01:46 UTC 2026","passed","Mon Jan 26 22:01:46 UTC 2026","","","",""
"Test cases for TestResources_UpdateAssetGroupTag","2","TestResources_UpdateAssetGroupTag","","Mon Jan 26 21:56:55 UTC 2026","passed","Mon Jan 26 21:56:55 UTC 2026","","Go Test","github.com/specterops/bloodhound/cmd/api/src/api/v2/TestResources_UpdateAssetGroupTag","TestResources_UpdateAssetGroupTag"
"","806","displays validation error messages when password does not match confirmation","PasswordDialog","Mon Jan 26 21:57:55 UTC 2026","passed","Mon Jan 26 21:57:55 UTC 2026","","","",""
"","0","fails for password without uppercase letters","testPassword","Mon Jan 26 22:01:46 UTC 2026","passed","Mon Jan 26 22:01:46 UTC 2026","","","",""
"Test cases for TestToolContainer_GetScheduledAnalysisConfiguration_Errors","1","TestToolContainer_GetScheduledAnalysisConfiguration_Errors","","Mon Jan 26 21:56:52 UTC 2026","passed","Mon Jan 26 21:56:52 UTC 2026","","Go Test","github.com/specterops/bloodhound/cmd/api/src/api/tools/TestToolContainer_GetScheduledAnalysisConfiguration_Errors","TestToolContainer_GetScheduledAnalysisConfiguration_Errors"
"","6","should render when search string is not found in the text","HighlightedText","Mon Jan 26 22:01:03 UTC 2026","passed","Mon Jan 26 22:01:03 UTC 2026","","","",""
"","230","should call the onClick function when clicked","GraphButton","Mon Jan 26 22:01:49 UTC 2026","passed","Mon Jan 26 22:01:49 UTC 2026","","","",""
"","43","adds a notification - checks values","AppNotifications","Mon Jan 26 22:00:31 UTC 2026","passed","Mon Jan 26 22:00:31 UTC 2026","","","",""
"Test cases for TestIntValueOrZero","0","TestIntValueOrZero","","Mon Jan 26 21:57:01 UTC 2026","passed","Mon Jan 26 21:57:01 UTC 2026","","Go Test","github.com/specterops/bloodhound/cmd/api/src/database/types/null/TestIntValueOrZero","TestIntValueOrZero"
"Test cases for TestNewAuditLog","0","TestNewAuditLog","","Mon Jan 26 21:57:01 UTC 2026","passed","Mon Jan 26 21:57:01 UTC 2026","","Go Test","github.com/specterops/bloodhound/cmd/api/src/database/TestNewAuditLog","TestNewAuditLog"
"","218","displays expected results when searching by objectid","SearchCurrentNodes","Mon Jan 26 21:59:53 UTC 2026","passed","Mon Jan 26 21:59:53 UTC 2026","","","",""
"","0","does not abbreviate numbers < 1000","numberFormatting","Mon Jan 26 22:01:34 UTC 2026","passed","Mon Jan 26 22:01:34 UTC 2026","","","",""
"Test cases for TestPermissionsCheckAtLeastOne","0","TestPermissionsCheckAtLeastOne","","Mon Jan 26 21:56:47 UTC 2026","passed","Mon Jan 26 21:56:47 UTC 2026","","Go Test","github.com/specterops/bloodhound/cmd/api/src/api/middleware/TestPermissionsCheckAtLeastOne","TestPermissionsCheckAtLeastOne"
"Test cases for TestResources_ListADEntityLinkedGPOs","0","TestResources_ListADEntityLinkedGPOs","","Mon Jan 26 21:56:55 UTC 2026","passed","Mon Jan 26 21:56:55 UTC 2026","","Go Test","github.com/specterops/bloodhound/cmd/api/src/api/v2/TestResources_ListADEntityLinkedGPOs","TestResources_ListADEntityLinkedGPOs"
"","28","renders a button","CreateMenu","Mon Jan 26 21:58:36 UTC 2026","passed","Mon Jan 26 21:58:36 UTC 2026","","oidc_support feature flag disabled","",""
"","219","shows the direct object and expanded object list when results are present for both","Seed Selection Results","Mon Jan 26 21:58:21 UTC 2026","passed","Mon Jan 26 21:58:21 UTC 2026","","","",""
"","0","returns undefined if graphData is %s or not a GraphResponse","getExploreTableData","Mon Jan 26 21:59:42 UTC 2026","passed","Mon Jan 26 21:59:42 UTC 2026","","","",""
"Test cases for TestUnmarshalTimeJSON","0","TestUnmarshalTimeJSON","","Mon Jan 26 21:57:01 UTC 2026","passed","Mon Jan 26 21:57:01 UTC 2026","","Go Test","github.com/specterops/bloodhound/cmd/api/src/database/types/null/TestUnmarshalTimeJSON","TestUnmarshalTimeJSON"
"Test cases for TestNewManifest","1","TestNewManifest","","Mon Jan 26 21:57:01 UTC 2026","passed","Mon Jan 26 21:57:01 UTC 2026","","Go Test","github.com/specterops/bloodhound/cmd/api/src/database/migration/TestNewManifest","TestNewManifest"
"","39","Error handling for fetching edge information","EdgeObjectInformation","Mon Jan 26 21:59:57 UTC 2026","passed","Mon Jan 26 21:59:57 UTC 2026","","","",""
"Test cases for TestIntFromPtr","0","TestIntFromPtr","","Mon Jan 26 21:57:01 UTC 2026","passed","Mon Jan 26 21:57:01 UTC 2026","","Go Test","github.com/specterops/bloodhound/cmd/api/src/database/types/null/TestIntFromPtr","TestIntFromPtr"
"","343","disables checkboxes by default","SourceKindsCheckboxes","Mon Jan 26 21:59:05 UTC 2026","passed","Mon Jan 26 21:59:05 UTC 2026","","","",""
"Test cases for TestResources_DownloadCollectorByVersion","1","TestResources_DownloadCollectorByVersion","","Mon Jan 26 21:56:55 UTC 2026","passed","Mon Jan 26 21:56:55 UTC 2026","","Go Test","github.com/specterops/bloodhound/cmd/api/src/api/v2/TestResources_DownloadCollectorByVersion","TestResources_DownloadCollectorByVersion"
"","1292","when user performs a pathfinding search, the selection for the start node is carried over to the `search` tab","ExploreSearch interaction","Mon Jan 26 22:02:17 UTC 2026","passed","Mon Jan 26 22:02:19 UTC 2026","","","",""
"Test cases for TestCreateUser_Failure","0","TestCreateUser_Failure","","Mon Jan 26 21:57:02 UTC 2026","passed","Mon Jan 26 21:57:02 UTC 2026","","Go Test","github.com/specterops/bloodhound/cmd/api/src/api/v2/auth/TestCreateUser_Failure","TestCreateUser_Failure"
"","217","should render","NoDataDialog","Mon Jan 26 22:01:43 UTC 2026","passed","Mon Jan 26 22:01:43 UTC 2026","","","",""
"Test cases for TestResources_CreateAssetGroup","1","TestResources_CreateAssetGroup","","Mon Jan 26 21:56:55 UTC 2026","passed","Mon Jan 26 21:56:55 UTC 2026","","Go Test","github.com/specterops/bloodhound/cmd/api/src/api/v2/TestResources_CreateAssetGroup","TestResources_CreateAssetGroup"
"","0","returns query config when searchType is composition and all required params are passed","useExploreGraph","Mon Jan 26 21:59:08 UTC 2026","passed","Mon Jan 26 21:59:08 UTC 2026","composition search queries","exploreGraphQueryFactory","",""
"","0","should compute the length of a line segment","bezier","Mon Jan 26 22:02:36 UTC 2026","passed","Mon Jan 26 22:02:36 UTC 2026","","","",""
"","7","does not render highlight for non-active tag","SelectedHighlight","Mon Jan 26 22:00:54 UTC 2026","passed","Mon Jan 26 22:00:54 UTC 2026","","","",""
"","268","closes","ListItemActionMenu","Mon Jan 26 22:00:18 UTC 2026","passed","Mon Jan 26 22:00:18 UTC 2026","","","",""
"Test cases for TestOpenGraphSchemaService_UpsertGraphSchemaExtension","0","TestOpenGraphSchemaService_UpsertGraphSchemaExtension","","Mon Jan 26 21:57:08 UTC 2026","passed","Mon Jan 26 21:57:08 UTC 2026","","Go Test","github.com/specterops/bloodhound/cmd/api/src/services/opengraphschema/TestOpenGraphSchemaService_UpsertGraphSchemaExtension","TestOpenGraphSchemaService_UpsertGraphSchemaExtension"
"","183","opens when keyboard shortcut is pressed","GraphControls","Mon Jan 26 21:58:15 UTC 2026","passed","Mon Jan 26 21:58:16 UTC 2026","","Searching current results","",""
"Test cases for TestIntPointer","0","TestIntPointer","","Mon Jan 26 21:57:01 UTC 2026","passed","Mon Jan 26 21:57:01 UTC 2026","","Go Test","github.com/specterops/bloodhound/cmd/api/src/database/types/null/TestIntPointer","TestIntPointer"
"Test cases for TestWriteErrorResponse_V2","1","TestWriteErrorResponse_V2","","Mon Jan 26 21:56:43 UTC 2026","passed","Mon Jan 26 21:56:43 UTC 2026","","Go Test","github.com/specterops/bloodhound/cmd/api/src/api/TestWriteErrorResponse_V2","TestWriteErrorResponse_V2"
"","85","renders the Cypher Rules Panel when clicking the Rule Tab","Selected Details Tab Content","Mon Jan 26 22:00:58 UTC 2026","passed","Mon Jan 26 22:00:58 UTC 2026","","","",""
"","841","clicking checkbox will remove error if present","DatabaseManagement","Mon Jan 26 22:02:22 UTC 2026","passed","Mon Jan 26 22:02:23 UTC 2026","","","",""
"","385","should render an SavedQueryPermissions component","SavedQueryPermissions","Mon Jan 26 22:00:04 UTC 2026","passed","Mon Jan 26 22:00:05 UTC 2026","","","",""
"","266","should disable Cancel and Save buttons while isLoading is true","UpdateUserDialog","Mon Jan 26 21:58:06 UTC 2026","passed","Mon Jan 26 21:58:06 UTC 2026","","","",""
"","430","renders the Import Query Dialog","ImportQueryDialog","Mon Jan 26 22:01:37 UTC 2026","passed","Mon Jan 26 22:01:38 UTC 2026","","","",""
"","86","List Display Roles Hook is Loading","useListDisplayRoles","Mon Jan 26 21:58:17 UTC 2026","passed","Mon Jan 26 21:58:17 UTC 2026","","","",""
"Test cases for TestResources_ListADGPOAffectedComputers","0","TestResources_ListADGPOAffectedComputers","","Mon Jan 26 21:56:55 UTC 2026","passed","Mon Jan 26 21:56:55 UTC 2026","","Go Test","github.com/specterops/bloodhound/cmd/api/src/api/v2/TestResources_ListADGPOAffectedComputers","TestResources_ListADGPOAffectedComputers"
"Test cases for TestStringScan","0","TestStringScan","","Mon Jan 26 21:57:01 UTC 2026","passed","Mon Jan 26 21:57:01 UTC 2026","","Go Test","github.com/specterops/bloodhound/cmd/api/src/database/types/null/TestStringScan","TestStringScan"
"","7","should render when search string matches text entirely","HighlightedText","Mon Jan 26 22:01:03 UTC 2026","passed","Mon Jan 26 22:01:03 UTC 2026","","","",""
"","131","should display an error when error prop is truthy","SaveQueryDialog","Mon Jan 26 21:57:37 UTC 2026","passed","Mon Jan 26 21:57:37 UTC 2026","","","",""
"","131","renders when all data is available and rule is not default","Delete Selector Button rendering","Mon Jan 26 22:01:28 UTC 2026","passed","Mon Jan 26 22:01:28 UTC 2026","","","",""
"Test cases for TestManagementResource_OIDCLoginHandler","5","TestManagementResource_OIDCLoginHandler","","Mon Jan 26 21:57:43 UTC 2026","passed","Mon Jan 26 21:57:43 UTC 2026","","Go Test","github.com/specterops/bloodhound/cmd/api/src/api/v2/auth/TestManagementResource_OIDCLoginHandler","TestManagementResource_OIDCLoginHandler"
"","826","should call onSave when save button is clicked","SaveQueryDialog","Mon Jan 26 21:57:36 UTC 2026","passed","Mon Jan 26 21:57:37 UTC 2026","","","",""
"Test cases for TestJSONFloat_UnmarshalJSON","0","TestJSONFloat_UnmarshalJSON","","Mon Jan 26 21:57:01 UTC 2026","passed","Mon Jan 26 21:57:01 UTC 2026","","Go Test","github.com/specterops/bloodhound/cmd/api/src/database/types/nan/TestJSONFloat_UnmarshalJSON","TestJSONFloat_UnmarshalJSON"
"","14198","checking a category updates all children and grandchildren","Pathfinding","Mon Jan 26 21:58:56 UTC 2026","passed","Mon Jan 26 21:59:10 UTC 2026","","","",""
"Test cases for TestResources_SearchAssetGroupTagHistory","107","TestResources_SearchAssetGroupTagHistory","","Mon Jan 26 21:56:55 UTC 2026","passed","Mon Jan 26 21:56:55 UTC 2026","","Go Test","github.com/specterops/bloodhound/cmd/api/src/api/v2/TestResources_SearchAssetGroupTagHistory","TestResources_SearchAssetGroupTagHistory"
"","2","returns null if paramValue is +0","useEnvironmentParams","Mon Jan 26 22:01:45 UTC 2026","passed","Mon Jan 26 22:01:45 UTC 2026","","parseEnvironmentAggregation","",""
"Test cases for TestFilter","0","TestFilter","","Mon Jan 26 21:57:38 UTC 2026","passed","Mon Jan 26 21:57:38 UTC 2026","","Go Test","github.com/specterops/bloodhound/packages/go/slicesext/TestFilter","TestFilter"
"","564","renders the form for creating a new rule","Rule Form","Mon Jan 26 21:57:49 UTC 2026","passed","Mon Jan 26 21:57:50 UTC 2026","","","",""
"Test cases for TestInt64Equal","1","TestInt64Equal","","Mon Jan 26 21:57:01 UTC 2026","passed","Mon Jan 26 21:57:01 UTC 2026","","Go Test","github.com/specterops/bloodhound/cmd/api/src/database/types/null/TestInt64Equal","TestInt64Equal"
"Test cases for TestParseKinds","1","TestParseKinds","","Mon Jan 26 21:57:18 UTC 2026","passed","Mon Jan 26 21:57:18 UTC 2026","","Go Test","github.com/specterops/bloodhound/packages/go/analysis/TestParseKinds","TestParseKinds"
"","8","renders Owned text by default when no Label Selector is available and on a Label page","TagSelector","Mon Jan 26 21:59:58 UTC 2026","passed","Mon Jan 26 21:59:58 UTC 2026","","","",""
"","3","returns a date string only if passed a string with a matching key","Formatting strings via formatPrimive","Mon Jan 26 21:58:44 UTC 2026","passed","Mon Jan 26 21:58:44 UTC 2026","","","",""
"Test cases for TestResources_GetPathfindingResult","0","TestResources_GetPathfindingResult","","Mon Jan 26 21:56:55 UTC 2026","passed","Mon Jan 26 21:56:55 UTC 2026","","Go Test","github.com/specterops/bloodhound/cmd/api/src/api/v2/TestResources_GetPathfindingResult","TestResources_GetPathfindingResult"
"","2","should return null if the edge key does not have enough information","getEdgeDataFromKey","Mon Jan 26 22:02:51 UTC 2026","passed","Mon Jan 26 22:02:51 UTC 2026","","","",""
"","0","returns paramValue as EnvironmentAggregation if paramValue is all","useEnvironmentParams","Mon Jan 26 22:01:45 UTC 2026","passed","Mon Jan 26 22:01:45 UTC 2026","","parseEnvironmentAggregation","",""
"TestManifest_AddMigration tests that migrations are added to the correct locationwithin the migration map and in the correct order.","0","TestManifest_AddMigration","","Mon Jan 26 21:57:01 UTC 2026","passed","Mon Jan 26 21:57:01 UTC 2026","","Go Test","github.com/specterops/bloodhound/cmd/api/src/database/migration/TestManifest_AddMigration","TestManifest_AddMigration"
"Test cases for TestResources_EndIngestJob","80","TestResources_EndIngestJob","","Mon Jan 26 21:56:55 UTC 2026","passed","Mon Jan 26 21:56:55 UTC 2026","","Go Test","github.com/specterops/bloodhound/cmd/api/src/api/v2/TestResources_EndIngestJob","TestResources_EndIngestJob"
"","0","Fetching the data timed out","Getting the text for the disabled item display for a search when there are no results","Mon Jan 26 21:59:49 UTC 2026","passed","Mon Jan 26 21:59:49 UTC 2026","","Error states","",""
"","1","handles null or empty madeBy","createHistoryParams","Mon Jan 26 22:00:49 UTC 2026","passed","Mon Jan 26 22:00:49 UTC 2026","","","",""
"","6","does not render when selector data is not defined","Delete Selector Button rendering","Mon Jan 26 22:01:28 UTC 2026","passed","Mon Jan 26 22:01:28 UTC 2026","","","",""
"Test cases for TestQueries_BuildEntityQueryParams_InvalidLimit","0","TestQueries_BuildEntityQueryParams_InvalidLimit","","Mon Jan 26 21:57:04 UTC 2026","passed","Mon Jan 26 21:57:04 UTC 2026","","Go Test","github.com/specterops/bloodhound/cmd/api/src/queries/TestQueries_BuildEntityQueryParams_InvalidLimit","TestQueries_BuildEntityQueryParams_InvalidLimit"
"Test cases for TestURLJoinPathEscapesSlashes","0","TestURLJoinPathEscapesSlashes","","Mon Jan 26 21:56:43 UTC 2026","passed","Mon Jan 26 21:56:43 UTC 2026","","Go Test","github.com/specterops/bloodhound/cmd/api/src/api/TestURLJoinPathEscapesSlashes","TestURLJoinPathEscapesSlashes"
"Test cases for TestResources_DeleteSavedQuery","0","TestResources_DeleteSavedQuery","","Mon Jan 26 21:56:55 UTC 2026","passed","Mon Jan 26 21:56:55 UTC 2026","","Go Test","github.com/specterops/bloodhound/cmd/api/src/api/v2/TestResources_DeleteSavedQuery","TestResources_DeleteSavedQuery"
"","532","displays current password error messages when current password is empty","PasswordDialog","Mon Jan 26 21:57:55 UTC 2026","passed","Mon Jan 26 21:57:56 UTC 2026","","","",""
"","0","succeeds for valid password with unicode characters","testPassword","Mon Jan 26 22:01:46 UTC 2026","passed","Mon Jan 26 22:01:46 UTC 2026","","","",""
"Test cases for TestDisenrollMFA_Admin_SuccessNoPasswordSSO","946","TestDisenrollMFA_Admin_SuccessNoPasswordSSO","","Mon Jan 26 21:57:38 UTC 2026","passed","Mon Jan 26 21:57:39 UTC 2026","","Go Test","github.com/specterops/bloodhound/cmd/api/src/api/v2/auth/TestDisenrollMFA_Admin_SuccessNoPasswordSSO","TestDisenrollMFA_Admin_SuccessNoPasswordSSO"
"Test cases for TestMap","0","TestMap","","Mon Jan 26 21:57:38 UTC 2026","passed","Mon Jan 26 21:57:38 UTC 2026","","Go Test","github.com/specterops/bloodhound/packages/go/slicesext/TestMap","TestMap"
"Test cases for TestUnmarshalInt64OverflowToInt64","0","TestUnmarshalInt64OverflowToInt64","","Mon Jan 26 21:57:01 UTC 2026","passed","Mon Jan 26 21:57:01 UTC 2026","","Go Test","github.com/specterops/bloodhound/cmd/api/src/database/types/null/TestUnmarshalInt64OverflowToInt64","TestUnmarshalInt64OverflowToInt64"
"Test cases for TestDisenrollMFA_Success","1751","TestDisenrollMFA_Success","","Mon Jan 26 21:57:32 UTC 2026","passed","Mon Jan 26 21:57:33 UTC 2026","","Go Test","github.com/specterops/bloodhound/cmd/api/src/api/v2/auth/TestDisenrollMFA_Success","TestDisenrollMFA_Success"
"Test cases for TestWriteErrorResponse_InvalidFormat","0","TestWriteErrorResponse_InvalidFormat","","Mon Jan 26 21:56:43 UTC 2026","passed","Mon Jan 26 21:56:43 UTC 2026","","Go Test","github.com/specterops/bloodhound/cmd/api/src/api/TestWriteErrorResponse_InvalidFormat","TestWriteErrorResponse_InvalidFormat"
"","23","should highlight selected route","Main Nav Route Highlighting","Mon Jan 26 21:58:13 UTC 2026","passed","Mon Jan 26 21:58:13 UTC 2026","","","",""
"Test cases for TestValidateTOTPSecret","0","TestValidateTOTPSecret","","Mon Jan 26 21:56:56 UTC 2026","passed","Mon Jan 26 21:56:56 UTC 2026","","Go Test","github.com/specterops/bloodhound/cmd/api/src/auth/TestValidateTOTPSecret","TestValidateTOTPSecret"
"Test cases for TestManagementResource_DeleteUser_GetUserError","1","TestManagementResource_DeleteUser_GetUserError","","Mon Jan 26 21:57:18 UTC 2026","passed","Mon Jan 26 21:57:18 UTC 2026","","Go Test","github.com/specterops/bloodhound/cmd/api/src/api/v2/auth/TestManagementResource_DeleteUser_GetUserError","TestManagementResource_DeleteUser_GetUserError"
"","1852","displays a list of available sharphound and azurehound files to download","DownloadCollectors","Mon Jan 26 22:02:12 UTC 2026","passed","Mon Jan 26 22:02:14 UTC 2026","","","",""
"","1","returns false when WebGL is not available in the current browser context","WebGL compatibility check","Mon Jan 26 22:01:53 UTC 2026","passed","Mon Jan 26 22:01:53 UTC 2026","","","",""
"Test cases for TestEndNodes","0","TestEndNodes","","Mon Jan 26 21:57:21 UTC 2026","passed","Mon Jan 26 21:57:21 UTC 2026","","Go Test","github.com/specterops/bloodhound/packages/go/analysis/azure/TestEndNodes","TestEndNodes"
"","127","should display the ""User Information"" header","UserProfile","Mon Jan 26 21:59:28 UTC 2026","passed","Mon Jan 26 21:59:29 UTC 2026","","","",""
"Test cases for TestResources_ListADDomainForeignAdmins","0","TestResources_ListADDomainForeignAdmins","","Mon Jan 26 21:56:55 UTC 2026","passed","Mon Jan 26 21:56:55 UTC 2026","","Go Test","github.com/specterops/bloodhound/cmd/api/src/api/v2/TestResources_ListADDomainForeignAdmins","TestResources_ListADDomainForeignAdmins"
"Test cases for TestManagementResource_SAMLCallbackRedirect","5","TestManagementResource_SAMLCallbackRedirect","","Mon Jan 26 21:57:43 UTC 2026","passed","Mon Jan 26 21:57:43 UTC 2026","","Go Test","github.com/specterops/bloodhound/cmd/api/src/api/v2/auth/TestManagementResource_SAMLCallbackRedirect","TestManagementResource_SAMLCallbackRedirect"
"","2","returns true if value is undefined","searchParams","Mon Jan 26 22:00:17 UTC 2026","passed","Mon Jan 26 22:00:17 UTC 2026","","isEmptyParam","",""
"Test cases for TestResources_GetAssetGroupTagMemberInfo","1","TestResources_GetAssetGroupTagMemberInfo","","Mon Jan 26 21:56:55 UTC 2026","passed","Mon Jan 26 21:56:55 UTC 2026","","Go Test","github.com/specterops/bloodhound/cmd/api/src/api/v2/TestResources_GetAssetGroupTagMemberInfo","TestResources_GetAssetGroupTagMemberInfo"
"","270","displays expected results when searching by label","SearchCurrentNodes","Mon Jan 26 21:59:53 UTC 2026","passed","Mon Jan 26 21:59:53 UTC 2026","","","",""
"","67","renders Tier Zero text by default when no Zone Selector is available and on a Zone page","TagSelector","Mon Jan 26 21:59:58 UTC 2026","passed","Mon Jan 26 21:59:58 UTC 2026","","","",""
"Test cases for TestResources_ListADOUContainedGroups","4","TestResources_ListADOUContainedGroups","","Mon Jan 26 21:56:55 UTC 2026","passed","Mon Jan 26 21:56:55 UTC 2026","","Go Test","github.com/specterops/bloodhound/cmd/api/src/api/v2/TestResources_ListADOUContainedGroups","TestResources_ListADOUContainedGroups"
"","224","Selecting an edge that meets ACL inheritance criteria shows the ""ACE Inherited From"" dropdown","EdgeInfoContent","Mon Jan 26 21:57:51 UTC 2026","passed","Mon Jan 26 21:57:51 UTC 2026","","","",""
"Test cases for TestResources_RequestAnalysis","139","TestResources_RequestAnalysis","","Mon Jan 26 21:56:55 UTC 2026","passed","Mon Jan 26 21:56:55 UTC 2026","","Go Test","github.com/specterops/bloodhound/cmd/api/src/api/v2/TestResources_RequestAnalysis","TestResources_RequestAnalysis"
"","81","displays an error message","GraphView","Mon Jan 26 22:02:31 UTC 2026","passed","Mon Jan 26 22:02:31 UTC 2026","","","",""
"","156","can render","ExploreSearchCombobox","Mon Jan 26 21:58:40 UTC 2026","passed","Mon Jan 26 21:58:40 UTC 2026","","","",""
"Test cases for TestRRuleValidator","0","TestRRuleValidator","","Mon Jan 26 21:57:18 UTC 2026","passed","Mon Jan 26 21:57:18 UTC 2026","","Go Test","github.com/specterops/bloodhound/cmd/api/src/utils/validation/TestRRuleValidator","TestRRuleValidator"
"","149","renders correctly","NodeIcon","Mon Jan 26 22:01:09 UTC 2026","passed","Mon Jan 26 22:01:09 UTC 2026","","","",""
"","0","Will parse an incorrectly cased type and return/use the correct casing for the data fetching","Parsing the debounced input for type and keyword values","Mon Jan 26 21:59:49 UTC 2026","passed","Mon Jan 26 21:59:49 UTC 2026","","","",""
"Test cases for TestWriteAndValidateZip","0","TestWriteAndValidateZip","","Mon Jan 26 21:57:09 UTC 2026","passed","Mon Jan 26 21:57:09 UTC 2026","","Go Test","github.com/specterops/bloodhound/cmd/api/src/services/upload/TestWriteAndValidateZip","TestWriteAndValidateZip"
"","171","should display error message when error prop is provided","UpdateUserDialog","Mon Jan 26 21:58:06 UTC 2026","passed","Mon Jan 26 21:58:07 UTC 2026","","","",""
"","422","clears the applied filter","FileIngestFilterDialog","Mon Jan 26 21:58:17 UTC 2026","passed","Mon Jan 26 21:58:18 UTC 2026","","User Select","",""
"","68","renders citrix config controls","BloodHoundConfiguration","Mon Jan 26 22:02:56 UTC 2026","passed","Mon Jan 26 22:02:57 UTC 2026","","","",""
"Test cases for Test_parseAuthorizationHeader","0","Test_parseAuthorizationHeader","","Mon Jan 26 21:56:47 UTC 2026","passed","Mon Jan 26 21:56:47 UTC 2026","","Go Test","github.com/specterops/bloodhound/cmd/api/src/api/middleware/Test_parseAuthorizationHeader","Test_parseAuthorizationHeader"
"","131","requests finished jobs","useFinishedJobs","Mon Jan 26 21:59:11 UTC 2026","passed","Mon Jan 26 21:59:12 UTC 2026","","","",""
"Test cases for TestQueries_GetEntityObjectIDFromRequestPath","0","TestQueries_GetEntityObjectIDFromRequestPath","","Mon Jan 26 21:57:04 UTC 2026","passed","Mon Jan 26 21:57:04 UTC 2026","","Go Test","github.com/specterops/bloodhound/cmd/api/src/queries/TestQueries_GetEntityObjectIDFromRequestPath","TestQueries_GetEntityObjectIDFromRequestPath"
"Test cases for TestResources_GetGroupEntityInfo","0","TestResources_GetGroupEntityInfo","","Mon Jan 26 21:56:55 UTC 2026","passed","Mon Jan 26 21:56:55 UTC 2026","","Go Test","github.com/specterops/bloodhound/cmd/api/src/api/v2/TestResources_GetGroupEntityInfo","TestResources_GetGroupEntityInfo"
"Test cases for TestDefineNodeName","0","TestDefineNodeName","","Mon Jan 26 21:57:20 UTC 2026","passed","Mon Jan 26 21:57:20 UTC 2026","","Go Test","github.com/specterops/bloodhound/packages/go/analysis/ad/wellknown/TestDefineNodeName","TestDefineNodeName"
"","1297","renders asset group edit options with graph write permissions","ContextMenu","Mon Jan 26 21:58:20 UTC 2026","passed","Mon Jan 26 21:58:21 UTC 2026","","","",""
"","431","when an `inputValue` is provided it eventually displays a list of search results","ExploreSearchCombobox","Mon Jan 26 21:58:40 UTC 2026","passed","Mon Jan 26 21:58:40 UTC 2026","","","",""
"","5","returns bounds for text rendered to canvas","getLabelBoundsFromContext","Mon Jan 26 22:02:45 UTC 2026","passed","Mon Jan 26 22:02:45 UTC 2026","","","",""
"Test cases for TestManagementResource_DeleteUser_UserCannotSelfDelete","1119","TestManagementResource_DeleteUser_UserCannotSelfDelete","","Mon Jan 26 21:57:17 UTC 2026","passed","Mon Jan 26 21:57:18 UTC 2026","","Go Test","github.com/specterops/bloodhound/cmd/api/src/api/v2/auth/TestManagementResource_DeleteUser_UserCannotSelfDelete","TestManagementResource_DeleteUser_UserCannotSelfDelete"
"Test cases for TestRoleAssignments_NodesWithRolesExclusive","1","TestRoleAssignments_NodesWithRolesExclusive","","Mon Jan 26 21:57:21 UTC 2026","passed","Mon Jan 26 21:57:21 UTC 2026","","Go Test","github.com/specterops/bloodhound/packages/go/analysis/azure/TestRoleAssignments_NodesWithRolesExclusive","TestRoleAssignments_NodesWithRolesExclusive"
"","0","should ignore case when filtering","OperationsFilterPlugin","Mon Jan 26 22:01:50 UTC 2026","passed","Mon Jan 26 22:01:50 UTC 2026","","","",""
"Test cases for TestResources_ListADEntityAdminRights","1","TestResources_ListADEntityAdminRights","","Mon Jan 26 21:56:55 UTC 2026","passed","Mon Jan 26 21:56:55 UTC 2026","","Go Test","github.com/specterops/bloodhound/cmd/api/src/api/v2/TestResources_ListADEntityAdminRights","TestResources_ListADEntityAdminRights"
"Test cases for TestResources_ListAssetGroupMembersCount","1","TestResources_ListAssetGroupMembersCount","","Mon Jan 26 21:56:55 UTC 2026","passed","Mon Jan 26 21:56:55 UTC 2026","","Go Test","github.com/specterops/bloodhound/cmd/api/src/api/v2/TestResources_ListAssetGroupMembersCount","TestResources_ListAssetGroupMembersCount"
"","2225","when user performs a pathfinding search, the swap button is disabled until both the start and destination nodes are provided","Pathfinding: interaction","Mon Jan 26 21:58:58 UTC 2026","passed","Mon Jan 26 21:59:01 UTC 2026","","","",""
"","0","should return true when tag partially matches term","OperationsFilterPlugin","Mon Jan 26 22:01:50 UTC 2026","passed","Mon Jan 26 22:01:50 UTC 2026","","","",""
"","0","An unknown error occurred when fetching the data","Getting the text for the disabled item display for a search when there are no results","Mon Jan 26 21:59:49 UTC 2026","passed","Mon Jan 26 21:59:49 UTC 2026","","Error states","",""
"Test cases for TestResources_GetAssetGroupMemberCount_IDMalformed","0","TestResources_GetAssetGroupMemberCount_IDMalformed","","Mon Jan 26 21:56:55 UTC 2026","passed","Mon Jan 26 21:56:55 UTC 2026","","Go Test","github.com/specterops/bloodhound/cmd/api/src/api/v2/TestResources_GetAssetGroupMemberCount_IDMalformed","TestResources_GetAssetGroupMemberCount_IDMalformed"
"","127","returns a nodes array","useEdgeInfoItems","Mon Jan 26 22:00:00 UTC 2026","passed","Mon Jan 26 22:00:00 UTC 2026","","","",""
"","1526","executes a pathfinding search when both a source and destination node are provided","Pathfinding: interaction","Mon Jan 26 21:59:03 UTC 2026","passed","Mon Jan 26 21:59:05 UTC 2026","","","",""
"","655","clears the applied filter","FileIngestFilterDialog","Mon Jan 26 21:58:15 UTC 2026","passed","Mon Jan 26 21:58:15 UTC 2026","","Status Select","",""
"","32","calculates the running time of a job and converts to a human readable format","getSimpleDuration","Mon Jan 26 22:01:04 UTC 2026","passed","Mon Jan 26 22:01:04 UTC 2026","","","",""
"Test cases for TestValidateRequestSignature","497","TestValidateRequestSignature","","Mon Jan 26 21:56:42 UTC 2026","passed","Mon Jan 26 21:56:43 UTC 2026","","Go Test","github.com/specterops/bloodhound/cmd/api/src/api/TestValidateRequestSignature","TestValidateRequestSignature"
"Test cases for TestGetADDataQualityStats_Success","0","TestGetADDataQualityStats_Success","","Mon Jan 26 21:56:55 UTC 2026","passed","Mon Jan 26 21:56:55 UTC 2026","","Go Test","github.com/specterops/bloodhound/cmd/api/src/api/v2/TestGetADDataQualityStats_Success","TestGetADDataQualityStats_Success"
"","155","calls exportToJson util when valid non a empty object is passed as the jsonData prop","GraphControls","Mon Jan 26 21:58:15 UTC 2026","passed","Mon Jan 26 21:58:15 UTC 2026","","Exporting json","",""
"Test cases for TestParseOptionalBoolEmptyValue","0","TestParseOptionalBoolEmptyValue","","Mon Jan 26 21:56:42 UTC 2026","passed","Mon Jan 26 21:56:42 UTC 2026","","Go Test","github.com/specterops/bloodhound/cmd/api/src/api/TestParseOptionalBoolEmptyValue","TestParseOptionalBoolEmptyValue"
"Test cases for TestGetOrderForNeo4jQuery","0","TestGetOrderForNeo4jQuery","","Mon Jan 26 21:57:17 UTC 2026","passed","Mon Jan 26 21:57:17 UTC 2026","","Go Test","github.com/specterops/bloodhound/cmd/api/src/utils/TestGetOrderForNeo4jQuery","TestGetOrderForNeo4jQuery"
"Test cases for TestTextUnmarshalString","0","TestTextUnmarshalString","","Mon Jan 26 21:57:01 UTC 2026","passed","Mon Jan 26 21:57:01 UTC 2026","","Go Test","github.com/specterops/bloodhound/cmd/api/src/database/types/null/TestTextUnmarshalString","TestTextUnmarshalString"
"Test cases for TestRandomDurationBetween","12","TestRandomDurationBetween","","Mon Jan 26 21:56:59 UTC 2026","passed","Mon Jan 26 21:56:59 UTC 2026","","Go Test","github.com/specterops/bloodhound/cmd/api/src/daemons/datapipe/TestRandomDurationBetween","TestRandomDurationBetween"
"Test cases for Test_ApplyTimeoutReduction","1","Test_ApplyTimeoutReduction","","Mon Jan 26 21:57:04 UTC 2026","passed","Mon Jan 26 21:57:04 UTC 2026","","Go Test","github.com/specterops/bloodhound/cmd/api/src/queries/Test_ApplyTimeoutReduction","Test_ApplyTimeoutReduction"
"Test cases for TestResources_ShareSavedQueriesPermissions_NonAdmin","6","TestResources_ShareSavedQueriesPermissions_NonAdmin","","Mon Jan 26 21:56:55 UTC 2026","passed","Mon Jan 26 21:56:55 UTC 2026","","Go Test","github.com/specterops/bloodhound/cmd/api/src/api/v2/TestResources_ShareSavedQueriesPermissions_NonAdmin","TestResources_ShareSavedQueriesPermissions_NonAdmin"
"","293","calls openSAMLProviderDialog when SAML Provider menu item is clicked","CreateMenu","Mon Jan 26 21:58:36 UTC 2026","passed","Mon Jan 26 21:58:36 UTC 2026","","oidc_support feature flag enabled","",""
"Test cases for TestResources_ListPublishedTemplates","4","TestResources_ListPublishedTemplates","","Mon Jan 26 21:56:55 UTC 2026","passed","Mon Jan 26 21:56:55 UTC 2026","","Go Test","github.com/specterops/bloodhound/cmd/api/src/api/v2/TestResources_ListPublishedTemplates","TestResources_ListPublishedTemplates"
"","645","should call onSubmit when input is valid and Submit button is clicked","UpsertSAMLProviderForm","Mon Jan 26 22:00:36 UTC 2026","passed","Mon Jan 26 22:00:36 UTC 2026","","","",""
"","1731","shows the ""Disable MFA"" context menu option for users with MFA enabled","Users","Mon Jan 26 21:58:55 UTC 2026","passed","Mon Jan 26 21:58:57 UTC 2026","","","",""
"","260","handles creating a new zone","Tag Form","Mon Jan 26 21:57:37 UTC 2026","passed","Mon Jan 26 21:57:37 UTC 2026","","","",""
"","190","renders the QuerySearchFilter component","QuerySearchFilter","Mon Jan 26 21:59:52 UTC 2026","passed","Mon Jan 26 21:59:52 UTC 2026","","","",""
"","23","upon selecting a source and destination node, updates the URL with a searchType of 'pathfinding' and the object ids for the source and destination nodes","usePathfindingSearch","Mon Jan 26 21:59:25 UTC 2026","passed","Mon Jan 26 21:59:25 UTC 2026","","","",""
"Test cases for TestResources_DeleteSavedQuery_NotAUserAuth","0","TestResources_DeleteSavedQuery_NotAUserAuth","","Mon Jan 26 21:56:55 UTC 2026","passed","Mon Jan 26 21:56:55 UTC 2026","","Go Test","github.com/specterops/bloodhound/cmd/api/src/api/v2/TestResources_DeleteSavedQuery_NotAUserAuth","TestResources_DeleteSavedQuery_NotAUserAuth"
"","461","should render list of available SSO providers","LoginViaSSOForm","Mon Jan 26 22:00:10 UTC 2026","passed","Mon Jan 26 22:00:10 UTC 2026","","","",""
"Test cases for TestResources_DeleteAssetGroupSelector","1","TestResources_DeleteAssetGroupSelector","","Mon Jan 26 21:56:55 UTC 2026","passed","Mon Jan 26 21:56:55 UTC 2026","","Go Test","github.com/specterops/bloodhound/cmd/api/src/api/v2/TestResources_DeleteAssetGroupSelector","TestResources_DeleteAssetGroupSelector"
"","8","when password is expired and on password reset page, no redirect occurs","AuthenticatedRoute","Mon Jan 26 22:02:42 UTC 2026","passed","Mon Jan 26 22:02:42 UTC 2026","","","",""
"","686","should display all available roles","UpdateUserDialog","Mon Jan 26 21:58:04 UTC 2026","passed","Mon Jan 26 21:58:05 UTC 2026","","","",""
"","2","shows the collection methods for the given job","toCollected","Mon Jan 26 22:01:24 UTC 2026","passed","Mon Jan 26 22:01:24 UTC 2026","","","",""
"","207","The edge properties are fetched through a cypher search which includes lastseen","EdgeObjectInformation","Mon Jan 26 21:59:57 UTC 2026","passed","Mon Jan 26 21:59:57 UTC 2026","","","",""
"","123","calls handleFilterChange with all filter types and empty strings when clicked while filters are active","AssetGroupEdit","Mon Jan 26 21:58:32 UTC 2026","passed","Mon Jan 26 21:58:32 UTC 2026","","Clear Filters button","",""
"Test cases for TestEncodingEquality","0","TestEncodingEquality","","Mon Jan 26 21:57:22 UTC 2026","passed","Mon Jan 26 21:57:22 UTC 2026","","Go Test","github.com/specterops/bloodhound/packages/go/bomenc/TestEncodingEquality","TestEncodingEquality"
"","41","calls openSAMLProviderDialog when create provider button is clicked","CreateMenu","Mon Jan 26 21:58:36 UTC 2026","passed","Mon Jan 26 21:58:37 UTC 2026","","oidc_support feature flag disabled","",""
"","225","should handle close event","TagToZoneLabelDialog","Mon Jan 26 21:59:42 UTC 2026","passed","Mon Jan 26 21:59:42 UTC 2026","","","",""
"Test cases for TestResources_UpdateSavedQuery_NoQueryMatch","0","TestResources_UpdateSavedQuery_NoQueryMatch","","Mon Jan 26 21:56:55 UTC 2026","passed","Mon Jan 26 21:56:55 UTC 2026","","Go Test","github.com/specterops/bloodhound/cmd/api/src/api/v2/TestResources_UpdateSavedQuery_NoQueryMatch","TestResources_UpdateSavedQuery_NoQueryMatch"
"Test cases for TestManagementResource_UpdateSAMLProviderRequest","10","TestManagementResource_UpdateSAMLProviderRequest","","Mon Jan 26 21:57:43 UTC 2026","passed","Mon Jan 26 21:57:43 UTC 2026","","Go Test","github.com/specterops/bloodhound/cmd/api/src/api/v2/auth/TestManagementResource_UpdateSAMLProviderRequest","TestManagementResource_UpdateSAMLProviderRequest"
"Test cases for TestLoginSuccess","0","TestLoginSuccess","","Mon Jan 26 21:56:55 UTC 2026","passed","Mon Jan 26 21:56:55 UTC 2026","","Go Test","github.com/specterops/bloodhound/cmd/api/src/api/v2/auth/TestLoginSuccess","TestLoginSuccess"
"","3","A warning is printed when node positions are not available to apply from","applyNodePositionsFromGraphlibGraph","Mon Jan 26 22:02:44 UTC 2026","passed","Mon Jan 26 22:02:44 UTC 2026","","","",""
"","1537","""Columns"" button allows user to edit column settings","ExploreTable","Mon Jan 26 21:57:30 UTC 2026","passed","Mon Jan 26 21:57:31 UTC 2026","","","",""
"","49","sets input text to value","ManagedDatePicker - value","Mon Jan 26 21:59:32 UTC 2026","passed","Mon Jan 26 21:59:32 UTC 2026","","","",""
"Test cases for TestInt64Scan","0","TestInt64Scan","","Mon Jan 26 21:57:01 UTC 2026","passed","Mon Jan 26 21:57:01 UTC 2026","","Go Test","github.com/specterops/bloodhound/cmd/api/src/database/types/null/TestInt64Scan","TestInt64Scan"
"Test cases for TestManagementResource_DeleteUser_DeleteUserError","1131","TestManagementResource_DeleteUser_DeleteUserError","","Mon Jan 26 21:57:18 UTC 2026","passed","Mon Jan 26 21:57:20 UTC 2026","","Go Test","github.com/specterops/bloodhound/cmd/api/src/api/v2/auth/TestManagementResource_DeleteUser_DeleteUserError","TestManagementResource_DeleteUser_DeleteUserError"
"","65","displays a status indicator","StatusIndicator","Mon Jan 26 22:01:39 UTC 2026","passed","Mon Jan 26 22:01:39 UTC 2026","","","",""
"Test cases for TestParseSkipQueryParameter_Invalid","0","TestParseSkipQueryParameter_Invalid","","Mon Jan 26 21:56:55 UTC 2026","passed","Mon Jan 26 21:56:55 UTC 2026","","Go Test","github.com/specterops/bloodhound/cmd/api/src/api/v2/TestParseSkipQueryParameter_Invalid","TestParseSkipQueryParameter_Invalid"
"","332","renders the Object Tab content when Object tab is chosen","Selected Details Tab Content","Mon Jan 26 22:00:58 UTC 2026","passed","Mon Jan 26 22:00:59 UTC 2026","","","",""
"","675","should render a SaveQueryDialog","SaveQueryDialog","Mon Jan 26 21:57:34 UTC 2026","passed","Mon Jan 26 21:57:35 UTC 2026","","","",""
"","53","renders the title passed via title prop","ColumnHeaders","Mon Jan 26 22:00:47 UTC 2026","passed","Mon Jan 26 22:00:47 UTC 2026","","BaseColumnHeader","",""
"","1","should compute coordinates along a quadratic bezier curve for a given t value","bezier","Mon Jan 26 22:02:36 UTC 2026","passed","Mon Jan 26 22:02:36 UTC 2026","","","",""
"","247","prevents a user from proceeding if the file is not valid","ImportQueryDialog","Mon Jan 26 22:01:38 UTC 2026","passed","Mon Jan 26 22:01:38 UTC 2026","","","",""
"Test cases for TestNodeNamePrefix_String","2","TestNodeNamePrefix_String","","Mon Jan 26 21:57:20 UTC 2026","passed","Mon Jan 26 21:57:20 UTC 2026","","Go Test","github.com/specterops/bloodhound/packages/go/analysis/ad/wellknown/TestNodeNamePrefix_String","TestNodeNamePrefix_String"
"","713","should initiate data loading when an item is selected","Simple Environment Selector","Mon Jan 26 21:57:57 UTC 2026","passed","Mon Jan 26 21:57:57 UTC 2026","","","",""
"","160","renders an error message without throwing a TypeError","EntityInfoCollapsibleSection","Mon Jan 26 22:01:19 UTC 2026","passed","Mon Jan 26 22:01:19 UTC 2026","","","",""
"","815","renders a filter search and platform dropdown menu","CommonSearches","Mon Jan 26 21:58:28 UTC 2026","passed","Mon Jan 26 21:58:29 UTC 2026","","","",""
"","61","stores the state of a search term without modifying the query params","useCypherSearch","Mon Jan 26 22:01:22 UTC 2026","passed","Mon Jan 26 22:01:22 UTC 2026","","","",""
"Test cases for TestTextUnmarshalInt64","0","TestTextUnmarshalInt64","","Mon Jan 26 21:57:01 UTC 2026","passed","Mon Jan 26 21:57:01 UTC 2026","","Go Test","github.com/specterops/bloodhound/cmd/api/src/database/types/null/TestTextUnmarshalInt64","TestTextUnmarshalInt64"
"","43","has no checked boxes by default","SourceKindsCheckboxes","Mon Jan 26 21:59:06 UTC 2026","passed","Mon Jan 26 21:59:06 UTC 2026","","","",""
"","172","should show a copy button if the cells text if the cell is not a boolean","ExploreTableDataCell","Mon Jan 26 22:01:05 UTC 2026","passed","Mon Jan 26 22:01:05 UTC 2026","","","",""
"TestMigrator_GenerateManifest tests the full integrity of a Manifest generatedfrom 3 different Source's:1) Correct number of total migrations detected.2) Correct number of versions detected.3) The VersionTable has all versions, in order.4) All versions have the correct number of migrations.5) Schema files generate v0.0.0 migrations.6) Migrations are ordered within each version, in the order the Source was defined.","0","TestMigrator_GenerateManifest","","Mon Jan 26 21:57:01 UTC 2026","passed","Mon Jan 26 21:57:01 UTC 2026","","Go Test","github.com/specterops/bloodhound/cmd/api/src/database/migration/TestMigrator_GenerateManifest","TestMigrator_GenerateManifest"
"Test cases for TestDomainSelectors_GetFilterCriteria_InvalidFilterPredicate","0","TestDomainSelectors_GetFilterCriteria_InvalidFilterPredicate","","Mon Jan 26 21:57:02 UTC 2026","passed","Mon Jan 26 21:57:02 UTC 2026","","Go Test","github.com/specterops/bloodhound/cmd/api/src/model/TestDomainSelectors_GetFilterCriteria_InvalidFilterPredicate","TestDomainSelectors_GetFilterCriteria_InvalidFilterPredicate"
"Test cases for TestResources_GetNTAuthStoreEntityInfo","193","TestResources_GetNTAuthStoreEntityInfo","","Mon Jan 26 21:56:55 UTC 2026","passed","Mon Jan 26 21:56:55 UTC 2026","","Go Test","github.com/specterops/bloodhound/cmd/api/src/api/v2/TestResources_GetNTAuthStoreEntityInfo","TestResources_GetNTAuthStoreEntityInfo"
"Test cases for TestResources_GetAssetGroupTagHistory","0","TestResources_GetAssetGroupTagHistory","","Mon Jan 26 21:56:55 UTC 2026","passed","Mon Jan 26 21:56:55 UTC 2026","","Go Test","github.com/specterops/bloodhound/cmd/api/src/api/v2/TestResources_GetAssetGroupTagHistory","TestResources_GetAssetGroupTagHistory"
"Test cases for TestSavedQueries_IsString","0","TestSavedQueries_IsString","","Mon Jan 26 21:57:02 UTC 2026","passed","Mon Jan 26 21:57:02 UTC 2026","","Go Test","github.com/specterops/bloodhound/cmd/api/src/model/TestSavedQueries_IsString","TestSavedQueries_IsString"
"","237","shows Popper when isCurrentSearchOpen is true","GraphControls","Mon Jan 26 21:58:15 UTC 2026","passed","Mon Jan 26 21:58:15 UTC 2026","","Searching current results","",""
"","709","should not call onSubmit when password does not match confirmation password when reset password button clicked","PasswordResetForm","Mon Jan 26 21:59:21 UTC 2026","passed","Mon Jan 26 21:59:22 UTC 2026","","","",""
"","239","shows a loading state","FileIngestTable","Mon Jan 26 21:59:19 UTC 2026","passed","Mon Jan 26 21:59:20 UTC 2026","","","",""
"Test cases for TestChangeCache","1","TestChangeCache","","Mon Jan 26 21:56:58 UTC 2026","passed","Mon Jan 26 21:56:58 UTC 2026","","Go Test","github.com/specterops/bloodhound/cmd/api/src/daemons/changelog/TestChangeCache","TestChangeCache"
"","25","renders custom icon correctly","NodeIcon","Mon Jan 26 22:01:09 UTC 2026","passed","Mon Jan 26 22:01:09 UTC 2026","","","",""
"","856","should render many sections with many navigation items","SubNav","Mon Jan 26 22:00:43 UTC 2026","passed","Mon Jan 26 22:00:43 UTC 2026","","","",""
"Test cases for TestHeaderMatches","0","TestHeaderMatches","","Mon Jan 26 21:57:17 UTC 2026","passed","Mon Jan 26 21:57:17 UTC 2026","","Go Test","github.com/specterops/bloodhound/cmd/api/src/utils/TestHeaderMatches","TestHeaderMatches"
"Test cases for TestFoldr","1","TestFoldr","","Mon Jan 26 21:57:38 UTC 2026","passed","Mon Jan 26 21:57:38 UTC 2026","","Go Test","github.com/specterops/bloodhound/packages/go/slicesext/TestFoldr","TestFoldr"
"Test cases for TestResources_ListADEntityControllers","0","TestResources_ListADEntityControllers","","Mon Jan 26 21:56:55 UTC 2026","passed","Mon Jan 26 21:56:55 UTC 2026","","Go Test","github.com/specterops/bloodhound/cmd/api/src/api/v2/TestResources_ListADEntityControllers","TestResources_ListADEntityControllers"
"Test cases for TestGetLimitParamForGraphQuery","0","TestGetLimitParamForGraphQuery","","Mon Jan 26 21:57:17 UTC 2026","passed","Mon Jan 26 21:57:17 UTC 2026","","Go Test","github.com/specterops/bloodhound/cmd/api/src/utils/TestGetLimitParamForGraphQuery","TestGetLimitParamForGraphQuery"
"","897","should not have less characters than the minimum requirement","CreateUserForm","Mon Jan 26 21:58:05 UTC 2026","passed","Mon Jan 26 21:58:06 UTC 2026","","","",""
"Test cases for TestCreateUser_ResetPassword","1625","TestCreateUser_ResetPassword","","Mon Jan 26 21:57:09 UTC 2026","passed","Mon Jan 26 21:57:10 UTC 2026","","Go Test","github.com/specterops/bloodhound/cmd/api/src/api/v2/auth/TestCreateUser_ResetPassword","TestCreateUser_ResetPassword"
"","114","should call onLoginViaSAML when login via sso button clicked","LoginForm","Mon Jan 26 22:01:09 UTC 2026","passed","Mon Jan 26 22:01:09 UTC 2026","","","",""
"","1094","renders","Privilege Zones History Filter Dialog","Mon Jan 26 21:59:13 UTC 2026","passed","Mon Jan 26 21:59:14 UTC 2026","","","",""
"","3","should return true when tag matches term","OperationsFilterPlugin","Mon Jan 26 22:01:50 UTC 2026","passed","Mon Jan 26 22:01:50 UTC 2026","","","",""
"","23","returns undefined if environmentId searched for is not found","useAvailableEnvironments","Mon Jan 26 22:00:51 UTC 2026","passed","Mon Jan 26 22:00:51 UTC 2026","","useSelectedEnvironment","",""
"Test cases for Test_HarnessTeardown","0","Test_HarnessTeardown","","Mon Jan 26 21:57:24 UTC 2026","passed","Mon Jan 26 21:57:24 UTC 2026","","Go Test","github.com/specterops/bloodhound/packages/go/lab/Test_HarnessTeardown","Test_HarnessTeardown"
"","548","displays correct content based on platform filter AD","CommonSearches","Mon Jan 26 21:58:29 UTC 2026","passed","Mon Jan 26 21:58:30 UTC 2026","","","",""
"Test cases for TestStringIsZero","0","TestStringIsZero","","Mon Jan 26 21:57:01 UTC 2026","passed","Mon Jan 26 21:57:01 UTC 2026","","Go Test","github.com/specterops/bloodhound/cmd/api/src/database/types/null/TestStringIsZero","TestStringIsZero"
"Test cases for TestAddWhereClauseToNeo4jQuery_NoWhereClause","0","TestAddWhereClauseToNeo4jQuery_NoWhereClause","","Mon Jan 26 21:56:55 UTC 2026","passed","Mon Jan 26 21:56:55 UTC 2026","","Go Test","github.com/specterops/bloodhound/cmd/api/src/api/v2/TestAddWhereClauseToNeo4jQuery_NoWhereClause","TestAddWhereClauseToNeo4jQuery_NoWhereClause"
"","734","disables the confirm button until user types required text","Tag Form","Mon Jan 26 21:57:37 UTC 2026","passed","Mon Jan 26 21:57:38 UTC 2026","","","",""
"","0","Input does not contain a type","Parsing the debounced input for type and keyword values","Mon Jan 26 21:59:49 UTC 2026","passed","Mon Jan 26 21:59:49 UTC 2026","","","",""
"","68","when session token or user are null, redirects to /login","AuthenticatedRoute","Mon Jan 26 22:02:42 UTC 2026","passed","Mon Jan 26 22:02:42 UTC 2026","","","",""
"","745","should render inputs, labels, and action buttons","UpsertSAMLProviderForm","Mon Jan 26 22:00:34 UTC 2026","passed","Mon Jan 26 22:00:35 UTC 2026","","","",""
"","1721","a cypher search 404 does not render the GraphViewErrorAlert","GraphView","Mon Jan 26 22:02:31 UTC 2026","passed","Mon Jan 26 22:02:33 UTC 2026","","","",""
"","298","sets secondarySearch=id and searchType=node when primarySearch is falsey","ContextMenu","Mon Jan 26 22:02:23 UTC 2026","passed","Mon Jan 26 22:02:23 UTC 2026","","","",""
"","309","renders an empty message for the entity panel before a node is selected","GroupManagement","Mon Jan 26 22:02:33 UTC 2026","passed","Mon Jan 26 22:02:34 UTC 2026","","","",""
"","0","A type and keyword were provided but there were no results available","Getting the text for the disabled item display for a search when there are no results","Mon Jan 26 21:59:49 UTC 2026","passed","Mon Jan 26 21:59:49 UTC 2026","","Empty data states","",""
"","173","renders the Zone/Labels Tab content when first tab is chosen","Selected Details Tab Content","Mon Jan 26 22:00:58 UTC 2026","passed","Mon Jan 26 22:00:58 UTC 2026","","","",""
"","0","returns true if arrays are equal","areArraysSimilar","Mon Jan 26 22:01:26 UTC 2026","passed","Mon Jan 26 22:01:26 UTC 2026","","","",""
"","92","should display the logged in user's role","UserProfile","Mon Jan 26 21:59:29 UTC 2026","passed","Mon Jan 26 21:59:29 UTC 2026","","","",""
"","8","should render a Field when the provided value is 0","Field","Mon Jan 26 22:01:18 UTC 2026","passed","Mon Jan 26 22:01:18 UTC 2026","","","",""
"Test cases for TestManagementResource_ListRoles_InvalidColumn","0","TestManagementResource_ListRoles_InvalidColumn","","Mon Jan 26 21:57:02 UTC 2026","passed","Mon Jan 26 21:57:02 UTC 2026","","Go Test","github.com/specterops/bloodhound/cmd/api/src/api/v2/auth/TestManagementResource_ListRoles_InvalidColumn","TestManagementResource_ListRoles_InvalidColumn"
"","735","should render navigation links to all Administration sub-pages","Administration","Mon Jan 26 22:02:41 UTC 2026","passed","Mon Jan 26 22:02:42 UTC 2026","","","",""
"","115","does not trigger search for fewer than 3 characters","SearchBar","Mon Jan 26 22:01:36 UTC 2026","passed","Mon Jan 26 22:01:36 UTC 2026","","","",""
"Test cases for TestDummyHA","0","TestDummyHA","","Mon Jan 26 21:56:59 UTC 2026","passed","Mon Jan 26 21:56:59 UTC 2026","","Go Test","github.com/specterops/bloodhound/cmd/api/src/daemons/changelog/TestDummyHA","TestDummyHA"
"","3","returns paramValue if it is one of the expected values","useExploreParams","Mon Jan 26 22:01:51 UTC 2026","passed","Mon Jan 26 22:01:51 UTC 2026","","parseSearchType","",""
"","788","renders group and tenant dropdown selectors","GroupManagement","Mon Jan 26 22:02:31 UTC 2026","passed","Mon Jan 26 22:02:31 UTC 2026","","","",""
"","385","should display ""Configure Multi-Factor Authentication"" title","Enable2FADialog","Mon Jan 26 21:59:36 UTC 2026","passed","Mon Jan 26 21:59:37 UTC 2026","","","",""
"Test cases for TestIntScan","0","TestIntScan","","Mon Jan 26 21:57:01 UTC 2026","passed","Mon Jan 26 21:57:01 UTC 2026","","Go Test","github.com/specterops/bloodhound/cmd/api/src/database/types/null/TestIntScan","TestIntScan"
"","314","should render the pathfinding search controls when searchType is pathfinding","ExploreSearch rendering per tab","Mon Jan 26 22:02:13 UTC 2026","passed","Mon Jan 26 22:02:14 UTC 2026","","","",""
"","65","if a hint is given, it show date placeholder on focus, restores hint on blur","ManagedDatePicker - placeholders","Mon Jan 26 21:59:32 UTC 2026","passed","Mon Jan 26 21:59:32 UTC 2026","","","",""
"Test cases for TestResources_GetDomainEntityInfo","0","TestResources_GetDomainEntityInfo","","Mon Jan 26 21:56:55 UTC 2026","passed","Mon Jan 26 21:56:55 UTC 2026","","Go Test","github.com/specterops/bloodhound/cmd/api/src/api/v2/TestResources_GetDomainEntityInfo","TestResources_GetDomainEntityInfo"
"Test cases for TestJSONFloat_MarshalJSON_NaN","0","TestJSONFloat_MarshalJSON_NaN","","Mon Jan 26 21:57:01 UTC 2026","passed","Mon Jan 26 21:57:01 UTC 2026","","Go Test","github.com/specterops/bloodhound/cmd/api/src/database/types/nan/TestJSONFloat_MarshalJSON_NaN","TestJSONFloat_MarshalJSON_NaN"
"","1","runs a node search when the query param is set to ""node""","useExploreGraph","Mon Jan 26 21:59:08 UTC 2026","passed","Mon Jan 26 21:59:08 UTC 2026","","exploreGraphQueryFactory","",""
"","348","Displays a modal after clicking Analyze Now button and run analysis after clicking confirm","AnalyzeNowConfiguration","Mon Jan 26 21:58:48 UTC 2026","passed","Mon Jan 26 21:58:48 UTC 2026","","","",""
"","163","renders error message on error","ObjectCountPanel","Mon Jan 26 22:01:14 UTC 2026","passed","Mon Jan 26 22:01:14 UTC 2026","","","",""
"","2","returns {enabled: false} if there is not a match on the switch statement","useExploreGraph","Mon Jan 26 21:59:08 UTC 2026","passed","Mon Jan 26 21:59:08 UTC 2026","","exploreGraphQueryFactory","",""
"","794","should call onSubmit with email address and password when login button clicked","LoginForm","Mon Jan 26 22:01:08 UTC 2026","passed","Mon Jan 26 22:01:09 UTC 2026","","","",""
"","203","Close button click causes the callback function to be called","ExploreTable","Mon Jan 26 21:57:33 UTC 2026","passed","Mon Jan 26 21:57:33 UTC 2026","","","",""
"Test cases for TestDefineSID","0","TestDefineSID","","Mon Jan 26 21:57:20 UTC 2026","passed","Mon Jan 26 21:57:20 UTC 2026","","Go Test","github.com/specterops/bloodhound/packages/go/analysis/ad/wellknown/TestDefineSID","TestDefineSID"
"","475","Displays the selectors list if passed in through additional sections","EntityInfoDataTableList","Mon Jan 26 21:59:48 UTC 2026","passed","Mon Jan 26 21:59:48 UTC 2026","","","",""
"Test cases for TestDisenrollMFA_Admin_FailureIncorrectPassword","2518","TestDisenrollMFA_Admin_FailureIncorrectPassword","","Mon Jan 26 21:57:39 UTC 2026","passed","Mon Jan 26 21:57:42 UTC 2026","","Go Test","github.com/specterops/bloodhound/cmd/api/src/api/v2/auth/TestDisenrollMFA_Admin_FailureIncorrectPassword","TestDisenrollMFA_Admin_FailureIncorrectPassword"
"","90","should on clicking collapse all remove expandedPanelSections param from url and set isObjectInfoPanelOpen in context to false","EdgeInfoHeader","Mon Jan 26 22:00:25 UTC 2026","passed","Mon Jan 26 22:00:25 UTC 2026","","","",""
"Test cases for TestResources_GetCertTemplateEntityInfo","207","TestResources_GetCertTemplateEntityInfo","","Mon Jan 26 21:56:55 UTC 2026","passed","Mon Jan 26 21:56:55 UTC 2026","","Go Test","github.com/specterops/bloodhound/cmd/api/src/api/v2/TestResources_GetCertTemplateEntityInfo","TestResources_GetCertTemplateEntityInfo"
"Test cases for TestResources_ListAuditLogs_Filtered","0","TestResources_ListAuditLogs_Filtered","","Mon Jan 26 21:56:55 UTC 2026","passed","Mon Jan 26 21:56:55 UTC 2026","","Go Test","github.com/specterops/bloodhound/cmd/api/src/api/v2/TestResources_ListAuditLogs_Filtered","TestResources_ListAuditLogs_Filtered"
"","881","open and closes dialog","DatabaseManagement","Mon Jan 26 22:02:23 UTC 2026","passed","Mon Jan 26 22:02:24 UTC 2026","","","",""
"Test cases for TestResources_UpdateCustomNodeKindsTest","93","TestResources_UpdateCustomNodeKindsTest","","Mon Jan 26 21:56:55 UTC 2026","passed","Mon Jan 26 21:56:55 UTC 2026","","Go Test","github.com/specterops/bloodhound/cmd/api/src/api/v2/TestResources_UpdateCustomNodeKindsTest","TestResources_UpdateCustomNodeKindsTest"
"Test cases for TestWriteAndValidateJSON","1","TestWriteAndValidateJSON","","Mon Jan 26 21:57:09 UTC 2026","passed","Mon Jan 26 21:57:09 UTC 2026","","Go Test","github.com/specterops/bloodhound/cmd/api/src/services/upload/TestWriteAndValidateJSON","TestWriteAndValidateJSON"
"Test cases for Test_parseRelationshipKindsParam","0","Test_parseRelationshipKindsParam","","Mon Jan 26 21:56:55 UTC 2026","passed","Mon Jan 26 21:56:55 UTC 2026","","Go Test","github.com/specterops/bloodhound/cmd/api/src/api/v2/Test_parseRelationshipKindsParam","Test_parseRelationshipKindsParam"
"","288","should call onClose when cancel button is clicked","SaveQueryDialog","Mon Jan 26 21:57:36 UTC 2026","passed","Mon Jan 26 21:57:36 UTC 2026","","","",""
"Test cases for TestResources_CreateSavedQuery_CreateFailure","0","TestResources_CreateSavedQuery_CreateFailure","","Mon Jan 26 21:56:55 UTC 2026","passed","Mon Jan 26 21:56:55 UTC 2026","","Go Test","github.com/specterops/bloodhound/cmd/api/src/api/v2/TestResources_CreateSavedQuery_CreateFailure","TestResources_CreateSavedQuery_CreateFailure"
"","49","shows the direct object empty and expanded object list empty, when no results in both","Seed Selection Results","Mon Jan 26 21:58:21 UTC 2026","passed","Mon Jan 26 21:58:22 UTC 2026","","","",""
"","60","enables filtering out for tags that are treated as Labels (including Owned)","the useAssetGroupTags utilities","Mon Jan 26 21:58:25 UTC 2026","passed","Mon Jan 26 21:58:25 UTC 2026","","","",""
"Test cases for TestSortJSONArrays","2","TestSortJSONArrays","","Mon Jan 26 21:57:18 UTC 2026","passed","Mon Jan 26 21:57:18 UTC 2026","","Go Test","github.com/specterops/bloodhound/cmd/api/src/utils/test/TestSortJSONArrays","TestSortJSONArrays"
"Test cases for TestQueries_BuildEntityQueryParams_InvalidSkip","0","TestQueries_BuildEntityQueryParams_InvalidSkip","","Mon Jan 26 21:57:04 UTC 2026","passed","Mon Jan 26 21:57:04 UTC 2026","","Go Test","github.com/specterops/bloodhound/cmd/api/src/queries/TestQueries_BuildEntityQueryParams_InvalidSkip","TestQueries_BuildEntityQueryParams_InvalidSkip"
"","770","shows a warning for using labels associated with tags in zone forms","Rule Form","Mon Jan 26 21:57:55 UTC 2026","passed","Mon Jan 26 21:57:55 UTC 2026","","","",""
"","5","allows you to cancel filter updates before applying them to the url and reset to the default filter state","usePathfindingFilters","Mon Jan 26 22:01:13 UTC 2026","passed","Mon Jan 26 22:01:13 UTC 2026","","","",""
"","113","should display the ""My Profile"" title","UserProfile","Mon Jan 26 21:59:28 UTC 2026","passed","Mon Jan 26 21:59:28 UTC 2026","","","",""
"","138","disables the create user button and does not populate a table if the user lacks the permission","Users","Mon Jan 26 21:58:53 UTC 2026","passed","Mon Jan 26 21:58:53 UTC 2026","","","",""
"Test cases for TestMatches_Success","0","TestMatches_Success","","Mon Jan 26 21:57:02 UTC 2026","passed","Mon Jan 26 21:57:02 UTC 2026","","Go Test","github.com/specterops/bloodhound/cmd/api/src/model/TestMatches_Success","TestMatches_Success"
"Test cases for TestResources_ListADComputerRDPUsers","1","TestResources_ListADComputerRDPUsers","","Mon Jan 26 21:56:55 UTC 2026","passed","Mon Jan 26 21:56:55 UTC 2026","","Go Test","github.com/specterops/bloodhound/cmd/api/src/api/v2/TestResources_ListADComputerRDPUsers","TestResources_ListADComputerRDPUsers"
"","63","passes checks if the user has multiple required permissions","usePermissions","Mon Jan 26 21:58:40 UTC 2026","passed","Mon Jan 26 21:58:40 UTC 2026","","","",""
"Test cases for TestWriteBasicResponse","0","TestWriteBasicResponse","","Mon Jan 26 21:56:43 UTC 2026","passed","Mon Jan 26 21:56:43 UTC 2026","","Go Test","github.com/specterops/bloodhound/cmd/api/src/api/TestWriteBasicResponse","TestWriteBasicResponse"
"Test cases for TestBoolFromPtr","0","TestBoolFromPtr","","Mon Jan 26 21:57:01 UTC 2026","passed","Mon Jan 26 21:57:01 UTC 2026","","Go Test","github.com/specterops/bloodhound/cmd/api/src/database/types/null/TestBoolFromPtr","TestBoolFromPtr"
"","417","disables the delete button and all checkboxes if the user lacks permission","DatabaseManagement","Mon Jan 26 22:02:22 UTC 2026","passed","Mon Jan 26 22:02:22 UTC 2026","","","",""
"","5","returns when label limit is reached","useTagLimits","Mon Jan 26 21:58:01 UTC 2026","passed","Mon Jan 26 21:58:01 UTC 2026","","","",""
"Test cases for TestResources_SearchHandler","0","TestResources_SearchHandler","","Mon Jan 26 21:56:55 UTC 2026","passed","Mon Jan 26 21:56:55 UTC 2026","","Go Test","github.com/specterops/bloodhound/cmd/api/src/api/v2/TestResources_SearchHandler","TestResources_SearchHandler"
"Test cases for TestConvertDomainToNode_InheritanceHashes","0","TestConvertDomainToNode_InheritanceHashes","","Mon Jan 26 21:57:23 UTC 2026","passed","Mon Jan 26 21:57:23 UTC 2026","","Go Test","github.com/specterops/bloodhound/packages/go/ein/TestConvertDomainToNode_InheritanceHashes","TestConvertDomainToNode_InheritanceHashes"
"Test cases for TestManagementResource_ListAuthTokens_NonAdmin","0","TestManagementResource_ListAuthTokens_NonAdmin","","Mon Jan 26 21:57:25 UTC 2026","passed","Mon Jan 26 21:57:25 UTC 2026","","Go Test","github.com/specterops/bloodhound/cmd/api/src/api/v2/auth/TestManagementResource_ListAuthTokens_NonAdmin","TestManagementResource_ListAuthTokens_NonAdmin"
"","441","clicking cancel on the form takes the user back to the details page the user was on previously","Rule Form","Mon Jan 26 21:57:52 UTC 2026","passed","Mon Jan 26 21:57:53 UTC 2026","","","",""
"Test cases for TestResources_ListADIssuancePolicyLinkedCertTemplates","146","TestResources_ListADIssuancePolicyLinkedCertTemplates","","Mon Jan 26 21:56:55 UTC 2026","passed","Mon Jan 26 21:56:55 UTC 2026","","Go Test","github.com/specterops/bloodhound/cmd/api/src/api/v2/TestResources_ListADIssuancePolicyLinkedCertTemplates","TestResources_ListADIssuancePolicyLinkedCertTemplates"
"Test cases for TestGetLatestQueryParameter_LatestMalformed","0","TestGetLatestQueryParameter_LatestMalformed","","Mon Jan 26 21:56:55 UTC 2026","passed","Mon Jan 26 21:56:55 UTC 2026","","Go Test","github.com/specterops/bloodhound/cmd/api/src/api/v2/TestGetLatestQueryParameter_LatestMalformed","TestGetLatestQueryParameter_LatestMalformed"
"Test cases for TestFloatFromPtr","0","TestFloatFromPtr","","Mon Jan 26 21:57:01 UTC 2026","passed","Mon Jan 26 21:57:01 UTC 2026","","Go Test","github.com/specterops/bloodhound/cmd/api/src/database/types/null/TestFloatFromPtr","TestFloatFromPtr"
"Test cases for TestResources_ListADDomainForeignGPOControllers","0","TestResources_ListADDomainForeignGPOControllers","","Mon Jan 26 21:56:55 UTC 2026","passed","Mon Jan 26 21:56:55 UTC 2026","","Go Test","github.com/specterops/bloodhound/cmd/api/src/api/v2/TestResources_ListADDomainForeignGPOControllers","TestResources_ListADDomainForeignGPOControllers"
"","132","should display","GenericErrorBoundaryFallback","Mon Jan 26 22:01:49 UTC 2026","passed","Mon Jan 26 22:01:49 UTC 2026","","","",""
"Test cases for TestResources_PreviewSelectors","0","TestResources_PreviewSelectors","","Mon Jan 26 21:56:55 UTC 2026","passed","Mon Jan 26 21:56:55 UTC 2026","","Go Test","github.com/specterops/bloodhound/cmd/api/src/api/v2/TestResources_PreviewSelectors","TestResources_PreviewSelectors"
"Test cases for TestNormalizeToUTF8_ReaderError","0","TestNormalizeToUTF8_ReaderError","","Mon Jan 26 21:57:22 UTC 2026","passed","Mon Jan 26 21:57:22 UTC 2026","","Go Test","github.com/specterops/bloodhound/packages/go/bomenc/TestNormalizeToUTF8_ReaderError","TestNormalizeToUTF8_ReaderError"
"Test cases for TestNormalizeToUTF8","1","TestNormalizeToUTF8","","Mon Jan 26 21:57:22 UTC 2026","passed","Mon Jan 26 21:57:22 UTC 2026","","Go Test","github.com/specterops/bloodhound/packages/go/bomenc/TestNormalizeToUTF8","TestNormalizeToUTF8"
"","297","has user filters","FileIngestFilterDialog","Mon Jan 26 21:58:17 UTC 2026","passed","Mon Jan 26 21:58:17 UTC 2026","","User Select","",""
"","10","keeps callbacks stable across renders","useObjectState","Mon Jan 26 22:01:12 UTC 2026","passed","Mon Jan 26 22:01:12 UTC 2026","","","",""
"","0","returns false if arrays have different length","areArraysSimilar","Mon Jan 26 22:01:26 UTC 2026","passed","Mon Jan 26 22:01:26 UTC 2026","","","",""
"","0","A type was provided but no keyword follows the typed filter","Getting the text for the disabled item display for a search when there are no results","Mon Jan 26 21:59:49 UTC 2026","passed","Mon Jan 26 21:59:49 UTC 2026","","Empty data states","",""
"Test cases for TestRoleMembers","0","TestRoleMembers","","Mon Jan 26 21:57:21 UTC 2026","passed","Mon Jan 26 21:57:21 UTC 2026","","Go Test","github.com/specterops/bloodhound/packages/go/analysis/azure/TestRoleMembers","TestRoleMembers"
"","1571","should render","EntityInfoHeader","Mon Jan 26 22:00:04 UTC 2026","passed","Mon Jan 26 22:00:05 UTC 2026","","","",""
"Test cases for TestManagementResource_CreateAuthToken","18121","TestManagementResource_CreateAuthToken","","Mon Jan 26 21:57:25 UTC 2026","passed","Mon Jan 26 21:57:43 UTC 2026","","Go Test","github.com/specterops/bloodhound/cmd/api/src/api/v2/auth/TestManagementResource_CreateAuthToken","TestManagementResource_CreateAuthToken"
"Test cases for TestResources_UpdateSavedQuery_GetSavedQueryError","0","TestResources_UpdateSavedQuery_GetSavedQueryError","","Mon Jan 26 21:56:55 UTC 2026","passed","Mon Jan 26 21:56:55 UTC 2026","","Go Test","github.com/specterops/bloodhound/cmd/api/src/api/v2/TestResources_UpdateSavedQuery_GetSavedQueryError","TestResources_UpdateSavedQuery_GetSavedQueryError"
"Test cases for TestResources_ListADGroupSessions","1","TestResources_ListADGroupSessions","","Mon Jan 26 21:56:55 UTC 2026","passed","Mon Jan 26 21:56:55 UTC 2026","","Go Test","github.com/specterops/bloodhound/cmd/api/src/api/v2/TestResources_ListADGroupSessions","TestResources_ListADGroupSessions"
"","1","returns a function that takes a key found in updatedParams and updates the searchParams with that matching value from updatedParams","searchParams","Mon Jan 26 22:00:17 UTC 2026","passed","Mon Jan 26 22:00:17 UTC 2026","","setSingleParamFactory","",""
"","157","fires onSelect prop when a result is clicked","SearchCurrentNodes","Mon Jan 26 21:59:53 UTC 2026","passed","Mon Jan 26 21:59:54 UTC 2026","","","",""
"","8","displays a pulsing indicator","StatusIndicator","Mon Jan 26 22:01:39 UTC 2026","passed","Mon Jan 26 22:01:39 UTC 2026","","","",""
"Test cases for TestMatches_FailureStatus","0","TestMatches_FailureStatus","","Mon Jan 26 21:57:02 UTC 2026","passed","Mon Jan 26 21:57:02 UTC 2026","","Go Test","github.com/specterops/bloodhound/cmd/api/src/model/TestMatches_FailureStatus","TestMatches_FailureStatus"
"Test cases for TestTimePointer","0","TestTimePointer","","Mon Jan 26 21:57:01 UTC 2026","passed","Mon Jan 26 21:57:01 UTC 2026","","Go Test","github.com/specterops/bloodhound/cmd/api/src/database/types/null/TestTimePointer","TestTimePointer"
"Test cases for TestActivateMFA_Success","839","TestActivateMFA_Success","","Mon Jan 26 21:57:42 UTC 2026","passed","Mon Jan 26 21:57:43 UTC 2026","","Go Test","github.com/specterops/bloodhound/cmd/api/src/api/v2/auth/TestActivateMFA_Success","TestActivateMFA_Success"
"","44","should render a navigation list item","MainNav","Mon Jan 26 21:58:12 UTC 2026","passed","Mon Jan 26 21:58:12 UTC 2026","","","",""
"Test cases for TestManagementResource_UpdateUser_UserSelfModify","845","TestManagementResource_UpdateUser_UserSelfModify","","Mon Jan 26 21:57:15 UTC 2026","passed","Mon Jan 26 21:57:15 UTC 2026","","Go Test","github.com/specterops/bloodhound/cmd/api/src/api/v2/auth/TestManagementResource_UpdateUser_UserSelfModify","TestManagementResource_UpdateUser_UserSelfModify"
"Test cases for TestResources_GetAZEntityInformation","104","TestResources_GetAZEntityInformation","","Mon Jan 26 21:56:55 UTC 2026","passed","Mon Jan 26 21:56:55 UTC 2026","","Go Test","github.com/specterops/bloodhound/cmd/api/src/api/v2/TestResources_GetAZEntityInformation","TestResources_GetAZEntityInformation"
"","72","skips undefined items gracefully","<DetailsAccordion />","Mon Jan 26 21:58:22 UTC 2026","passed","Mon Jan 26 21:58:22 UTC 2026","","","",""
"","454","toggles sort order when clicking sortable header","ObjectsAccordion","Mon Jan 26 22:00:46 UTC 2026","passed","Mon Jan 26 22:00:46 UTC 2026","","","",""
"Test cases for TestWriteAndValidateJSON_NormalizationError","1","TestWriteAndValidateJSON_NormalizationError","","Mon Jan 26 21:57:09 UTC 2026","passed","Mon Jan 26 21:57:09 UTC 2026","","Go Test","github.com/specterops/bloodhound/cmd/api/src/services/upload/TestWriteAndValidateJSON_NormalizationError","TestWriteAndValidateJSON_NormalizationError"
"","0","returns null if paramValue is not an EnvironmentAggregation","useEnvironmentParams","Mon Jan 26 22:01:45 UTC 2026","passed","Mon Jan 26 22:01:45 UTC 2026","","parseEnvironmentAggregation","",""
"","639","sets exploreSearchTab param to cypher when the user clicks the `cypher` tab","ExploreSearch sets searchType on tab changing","Mon Jan 26 22:02:16 UTC 2026","passed","Mon Jan 26 22:02:16 UTC 2026","","","",""
"Test cases for TestDomainSelectors_GetFilterCriteria_Success_Empty","0","TestDomainSelectors_GetFilterCriteria_Success_Empty","","Mon Jan 26 21:57:02 UTC 2026","passed","Mon Jan 26 21:57:02 UTC 2026","","Go Test","github.com/specterops/bloodhound/cmd/api/src/model/TestDomainSelectors_GetFilterCriteria_Success_Empty","TestDomainSelectors_GetFilterCriteria_Success_Empty"
"","14","Calls the cypher search endpoint for a node that is hidden from user with not all environments access","EntityObjectInformation","Mon Jan 26 21:59:36 UTC 2026","passed","Mon Jan 26 21:59:36 UTC 2026","","","",""
"Test cases for TestResources_UpdateSavedQuery_InvalidID","6","TestResources_UpdateSavedQuery_InvalidID","","Mon Jan 26 21:56:55 UTC 2026","passed","Mon Jan 26 21:56:55 UTC 2026","","Go Test","github.com/specterops/bloodhound/cmd/api/src/api/v2/TestResources_UpdateSavedQuery_InvalidID","TestResources_UpdateSavedQuery_InvalidID"
"Test cases for TestBuildErrorResponseUnauthorized","0","TestBuildErrorResponseUnauthorized","","Mon Jan 26 21:56:43 UTC 2026","passed","Mon Jan 26 21:56:43 UTC 2026","","Go Test","github.com/specterops/bloodhound/cmd/api/src/api/TestBuildErrorResponseUnauthorized","TestBuildErrorResponseUnauthorized"
"Test cases for TestResources_DeleteSavedQuery_PublicQueryAndUserIsAdmin","0","TestResources_DeleteSavedQuery_PublicQueryAndUserIsAdmin","","Mon Jan 26 21:56:55 UTC 2026","passed","Mon Jan 26 21:56:55 UTC 2026","","Go Test","github.com/specterops/bloodhound/cmd/api/src/api/v2/TestResources_DeleteSavedQuery_PublicQueryAndUserIsAdmin","TestResources_DeleteSavedQuery_PublicQueryAndUserIsAdmin"
"","77","should display locally formatted numbers if they are larger than 999","LoadContainer","Mon Jan 26 22:01:53 UTC 2026","passed","Mon Jan 26 22:01:53 UTC 2026","","","",""
"","1496","should call the setCypherQuery handler when the value in the editor changes","CypherSearch","Mon Jan 26 21:59:43 UTC 2026","passed","Mon Jan 26 21:59:44 UTC 2026","","","",""
"","356","displays 0 when a given sections returns empty, and sums the rest of the sections correctly","EntityInfoDataTableGraphed","Mon Jan 26 21:58:41 UTC 2026","passed","Mon Jan 26 21:58:42 UTC 2026","","Node count for nested table that counts all sections","",""
"","235","calls onClose when user clicks cancel","PasswordDialog","Mon Jan 26 21:57:53 UTC 2026","passed","Mon Jan 26 21:57:53 UTC 2026","","","",""
"","332","should display CreateUserTokenDialog","UserTokenManagementDialog","Mon Jan 26 22:00:23 UTC 2026","passed","Mon Jan 26 22:00:23 UTC 2026","","when user clicks ""Create Token"" button","",""
"Test cases for TestSignRequestTeeFailure","0","TestSignRequestTeeFailure","","Mon Jan 26 21:56:42 UTC 2026","passed","Mon Jan 26 21:56:42 UTC 2026","","Go Test","github.com/specterops/bloodhound/cmd/api/src/api/TestSignRequestTeeFailure","TestSignRequestTeeFailure"
"Test cases for TestResources_GetUserEntityInfo","1","TestResources_GetUserEntityInfo","","Mon Jan 26 21:56:55 UTC 2026","passed","Mon Jan 26 21:56:55 UTC 2026","","Go Test","github.com/specterops/bloodhound/cmd/api/src/api/v2/TestResources_GetUserEntityInfo","TestResources_GetUserEntityInfo"
"","0","properly displays bitwise integers","Formatting number properties","Mon Jan 26 21:58:44 UTC 2026","passed","Mon Jan 26 21:58:44 UTC 2026","","","",""
"Test cases for TestResources_CreateCustomNodeKindsTest","93","TestResources_CreateCustomNodeKindsTest","","Mon Jan 26 21:56:55 UTC 2026","passed","Mon Jan 26 21:56:55 UTC 2026","","Go Test","github.com/specterops/bloodhound/cmd/api/src/api/v2/TestResources_CreateCustomNodeKindsTest","TestResources_CreateCustomNodeKindsTest"
"","0","returns false if value is 'string'","searchParams","Mon Jan 26 22:00:17 UTC 2026","passed","Mon Jan 26 22:00:17 UTC 2026","","isEmptyParam","",""
"Test cases for TestStringFromPtr","0","TestStringFromPtr","","Mon Jan 26 21:57:01 UTC 2026","passed","Mon Jan 26 21:57:01 UTC 2026","","Go Test","github.com/specterops/bloodhound/cmd/api/src/database/types/null/TestStringFromPtr","TestStringFromPtr"
"","117","should redirect to nested /file-ingest route if user navigates to an invalid route","Administration","Mon Jan 26 22:02:42 UTC 2026","passed","Mon Jan 26 22:02:42 UTC 2026","","","",""
"","59","composes search params from the search prop and use them in the link","AppLink","Mon Jan 26 21:59:59 UTC 2026","passed","Mon Jan 26 21:59:59 UTC 2026","","","",""
"","0","The node radius is adjusted to take into account the current camera zoom ratio","getNodeRadius","Mon Jan 26 22:02:45 UTC 2026","passed","Mon Jan 26 22:02:45 UTC 2026","","","",""
"","144","renders a graph view","GraphView","Mon Jan 26 22:02:31 UTC 2026","passed","Mon Jan 26 22:02:31 UTC 2026","","","",""
"","139","should fire Cancel once with false","DeleteConfirmationDialog","Mon Jan 26 22:01:16 UTC 2026","passed","Mon Jan 26 22:01:17 UTC 2026","","","",""
"Test cases for TestTimeScanValue","0","TestTimeScanValue","","Mon Jan 26 21:57:01 UTC 2026","passed","Mon Jan 26 21:57:01 UTC 2026","","Go Test","github.com/specterops/bloodhound/cmd/api/src/database/types/null/TestTimeScanValue","TestTimeScanValue"
"","89","should render when search string is at the beginning of the text","HighlightedText","Mon Jan 26 22:01:03 UTC 2026","passed","Mon Jan 26 22:01:03 UTC 2026","","","",""
"","55","sets autoDisplayTable to false if enabled param is false","useExploreTableAutoDisplay","Mon Jan 26 22:00:44 UTC 2026","passed","Mon Jan 26 22:00:44 UTC 2026","","","",""
"Test cases for TestResources_GetFlags","0","TestResources_GetFlags","","Mon Jan 26 21:56:55 UTC 2026","passed","Mon Jan 26 21:56:55 UTC 2026","","Go Test","github.com/specterops/bloodhound/cmd/api/src/api/v2/TestResources_GetFlags","TestResources_GetFlags"
"Test cases for TestResources_GetIssuancePolicyEntityInfo","213","TestResources_GetIssuancePolicyEntityInfo","","Mon Jan 26 21:56:55 UTC 2026","passed","Mon Jan 26 21:56:55 UTC 2026","","Go Test","github.com/specterops/bloodhound/cmd/api/src/api/v2/TestResources_GetIssuancePolicyEntityInfo","TestResources_GetIssuancePolicyEntityInfo"
"Test cases for TestRateLimitMiddleware","1","TestRateLimitMiddleware","","Mon Jan 26 21:56:47 UTC 2026","passed","Mon Jan 26 21:56:47 UTC 2026","","Go Test","github.com/specterops/bloodhound/cmd/api/src/api/middleware/TestRateLimitMiddleware","TestRateLimitMiddleware"
"Test cases for TestFloatIsZero","0","TestFloatIsZero","","Mon Jan 26 21:57:01 UTC 2026","passed","Mon Jan 26 21:57:01 UTC 2026","","Go Test","github.com/specterops/bloodhound/cmd/api/src/database/types/null/TestFloatIsZero","TestFloatIsZero"
"","0","should return an object denoting that the property is not in the schema when it is unrecognized","validating a node property against the shared generated schema","Mon Jan 26 21:58:44 UTC 2026","passed","Mon Jan 26 21:58:44 UTC 2026","","","",""
"Test cases for TestManagementResource_ListUsers_SortingError","3","TestManagementResource_ListUsers_SortingError","","Mon Jan 26 21:57:02 UTC 2026","passed","Mon Jan 26 21:57:02 UTC 2026","","Go Test","github.com/specterops/bloodhound/cmd/api/src/api/v2/auth/TestManagementResource_ListUsers_SortingError","TestManagementResource_ListUsers_SortingError"
"","1031","should render","ExploreSearch rendering per tab","Mon Jan 26 22:02:12 UTC 2026","passed","Mon Jan 26 22:02:13 UTC 2026","","","",""
"","36","displays the checkbox as checked if the filter params value is 'true'","AssetGroupEdit","Mon Jan 26 21:58:31 UTC 2026","passed","Mon Jan 26 21:58:31 UTC 2026","","Custom Member checkbox filter","",""
"Test cases for TestManagementResource_DeleteUser_UserBhCtxNotFound","0","TestManagementResource_DeleteUser_UserBhCtxNotFound","","Mon Jan 26 21:57:17 UTC 2026","passed","Mon Jan 26 21:57:17 UTC 2026","","Go Test","github.com/specterops/bloodhound/cmd/api/src/api/v2/auth/TestManagementResource_DeleteUser_UserBhCtxNotFound","TestManagementResource_DeleteUser_UserBhCtxNotFound"
"Test cases for TestDatabase_checkError_OtherError","0","TestDatabase_checkError_OtherError","","Mon Jan 26 21:57:01 UTC 2026","passed","Mon Jan 26 21:57:01 UTC 2026","","Go Test","github.com/specterops/bloodhound/cmd/api/src/database/TestDatabase_checkError_OtherError","TestDatabase_checkError_OtherError"
"Test cases for TestGenerateQRCodeBase64","12","TestGenerateQRCodeBase64","","Mon Jan 26 21:56:56 UTC 2026","passed","Mon Jan 26 21:56:56 UTC 2026","","Go Test","github.com/specterops/bloodhound/cmd/api/src/auth/TestGenerateQRCodeBase64","TestGenerateQRCodeBase64"
"","142","Searching for existing node type returns node properties","useFetchEntityProperties","Mon Jan 26 22:00:35 UTC 2026","passed","Mon Jan 26 22:00:35 UTC 2026","","","",""
"Test cases for TestDomainSelectors_GetFilterCriteria_InvalidFilterColumn","0","TestDomainSelectors_GetFilterCriteria_InvalidFilterColumn","","Mon Jan 26 21:57:02 UTC 2026","passed","Mon Jan 26 21:57:02 UTC 2026","","Go Test","github.com/specterops/bloodhound/cmd/api/src/model/TestDomainSelectors_GetFilterCriteria_InvalidFilterColumn","TestDomainSelectors_GetFilterCriteria_InvalidFilterColumn"
"","306","displays 0 when a given sections returns empty, and sums the rest of the sections correctly","EntityInfoDataTable","Mon Jan 26 21:58:44 UTC 2026","passed","Mon Jan 26 21:58:44 UTC 2026","","Node count for nested table that counts all sections","",""
"","8","displays lastlogon cell as NEVER when the value is -1","ExploreTableDataCell","Mon Jan 26 22:01:05 UTC 2026","passed","Mon Jan 26 22:01:05 UTC 2026","","","",""
"","1","floors DateTime objects to the nearest minute","floorToNearestMinute","Mon Jan 26 22:01:04 UTC 2026","passed","Mon Jan 26 22:01:04 UTC 2026","","","",""
"","39","is disabled if no filters are active","AssetGroupEdit","Mon Jan 26 21:58:32 UTC 2026","passed","Mon Jan 26 21:58:32 UTC 2026","","Clear Filters button","",""
"Test cases for TestSortJSONArrayElements","2","TestSortJSONArrayElements","","Mon Jan 26 21:57:18 UTC 2026","passed","Mon Jan 26 21:57:18 UTC 2026","","Go Test","github.com/specterops/bloodhound/cmd/api/src/utils/test/TestSortJSONArrayElements","TestSortJSONArrayElements"
"","146","calls handleInitialEnvironment with the highest impactValue as the initial environment","useInitialEnvironment","Mon Jan 26 22:00:39 UTC 2026","passed","Mon Jan 26 22:00:39 UTC 2026","","","",""
"Test cases for TestNewDefaultConfig","0","TestNewDefaultConfig","","Mon Jan 26 21:56:57 UTC 2026","passed","Mon Jan 26 21:56:57 UTC 2026","","Go Test","github.com/specterops/bloodhound/cmd/api/src/config/TestNewDefaultConfig","TestNewDefaultConfig"
"Test cases for TestResources_UpdateSavedQuery_AdminPublicQuery_Success","0","TestResources_UpdateSavedQuery_AdminPublicQuery_Success","","Mon Jan 26 21:56:55 UTC 2026","passed","Mon Jan 26 21:56:55 UTC 2026","","Go Test","github.com/specterops/bloodhound/cmd/api/src/api/v2/TestResources_UpdateSavedQuery_AdminPublicQuery_Success","TestResources_UpdateSavedQuery_AdminPublicQuery_Success"
"","554","should render","ExploreTable","Mon Jan 26 21:57:29 UTC 2026","passed","Mon Jan 26 21:57:30 UTC 2026","","","",""
"Test cases for TestGenericMap","0","TestGenericMap","","Mon Jan 26 21:57:17 UTC 2026","passed","Mon Jan 26 21:57:17 UTC 2026","","Go Test","github.com/specterops/bloodhound/cmd/api/src/utils/TestGenericMap","TestGenericMap"
"","224","on clicking switch shows modal and when clicking confirm closes it and switch changes to enabled","CitrixRDPConfiguration","Mon Jan 26 21:58:37 UTC 2026","passed","Mon Jan 26 21:58:37 UTC 2026","","Click on switch to enable","",""
"Test cases for Test_filterNodesToSearchResult_filterEnvironments","0","Test_filterNodesToSearchResult_filterEnvironments","","Mon Jan 26 21:57:04 UTC 2026","passed","Mon Jan 26 21:57:04 UTC 2026","","Go Test","github.com/specterops/bloodhound/cmd/api/src/queries/Test_filterNodesToSearchResult_filterEnvironments","Test_filterNodesToSearchResult_filterEnvironments"
"","307","should not call onSubmit when input is invalid and Submit button is clicked","UpsertSAMLProviderForm","Mon Jan 26 22:00:35 UTC 2026","passed","Mon Jan 26 22:00:36 UTC 2026","","","",""
"","1193","handles copying the name","CopyMenuItem","Mon Jan 26 22:01:42 UTC 2026","passed","Mon Jan 26 22:01:43 UTC 2026","","","",""
"","70","button is disabled when note is falsy","NoteCell component","Mon Jan 26 22:00:27 UTC 2026","passed","Mon Jan 26 22:00:27 UTC 2026","","","",""
"Test cases for TestManagementResource_ListRoles_SortingError","0","TestManagementResource_ListRoles_SortingError","","Mon Jan 26 21:57:02 UTC 2026","passed","Mon Jan 26 21:57:02 UTC 2026","","Go Test","github.com/specterops/bloodhound/cmd/api/src/api/v2/auth/TestManagementResource_ListRoles_SortingError","TestManagementResource_ListRoles_SortingError"
"Test cases for TestResources_ListUsersMinimal","8","TestResources_ListUsersMinimal","","Mon Jan 26 21:57:43 UTC 2026","passed","Mon Jan 26 21:57:43 UTC 2026","","Go Test","github.com/specterops/bloodhound/cmd/api/src/api/v2/auth/TestResources_ListUsersMinimal","TestResources_ListUsersMinimal"
"","59","enables correctly returning the tag associated with Tier Zero (position value of 1) from the list of tags","the useAssetGroupTags utilities","Mon Jan 26 21:58:25 UTC 2026","passed","Mon Jan 26 21:58:25 UTC 2026","","","",""
"Test cases for TestHasSequence","0","TestHasSequence","","Mon Jan 26 21:57:22 UTC 2026","passed","Mon Jan 26 21:57:22 UTC 2026","","Go Test","github.com/specterops/bloodhound/packages/go/bomenc/TestHasSequence","TestHasSequence"
"","13","renders nothing if flag is enabled and enabled prop is not provided","FeatureFlag","Mon Jan 26 22:00:40 UTC 2026","passed","Mon Jan 26 22:00:40 UTC 2026","","","",""
"Test cases for TestMergeNodeKinds","0","TestMergeNodeKinds","","Mon Jan 26 21:57:07 UTC 2026","passed","Mon Jan 26 21:57:07 UTC 2026","","Go Test","github.com/specterops/bloodhound/cmd/api/src/services/graphify/TestMergeNodeKinds","TestMergeNodeKinds"
"Test cases for TestManagementResource_ListAuthTokens_InvalidColumn","0","TestManagementResource_ListAuthTokens_InvalidColumn","","Mon Jan 26 21:57:25 UTC 2026","passed","Mon Jan 26 21:57:25 UTC 2026","","Go Test","github.com/specterops/bloodhound/cmd/api/src/api/v2/auth/TestManagementResource_ListAuthTokens_InvalidColumn","TestManagementResource_ListAuthTokens_InvalidColumn"
"Test cases for TestArgon2_ParseDigest","1","TestArgon2_ParseDigest","","Mon Jan 26 21:57:23 UTC 2026","passed","Mon Jan 26 21:57:23 UTC 2026","","Go Test","github.com/specterops/bloodhound/packages/go/crypto/TestArgon2_ParseDigest","TestArgon2_ParseDigest"
"","5","returns the remaining amount of labels available for creation","useTagLimits","Mon Jan 26 21:58:01 UTC 2026","passed","Mon Jan 26 21:58:01 UTC 2026","","","",""
"Test cases for TestResources_GetContainerEntityInfo","206","TestResources_GetContainerEntityInfo","","Mon Jan 26 21:56:55 UTC 2026","passed","Mon Jan 26 21:56:55 UTC 2026","","Go Test","github.com/specterops/bloodhound/cmd/api/src/api/v2/TestResources_GetContainerEntityInfo","TestResources_GetContainerEntityInfo"
"Test cases for TestInt64From","0","TestInt64From","","Mon Jan 26 21:57:01 UTC 2026","passed","Mon Jan 26 21:57:01 UTC 2026","","Go Test","github.com/specterops/bloodhound/cmd/api/src/database/types/null/TestInt64From","TestInt64From"
"Test cases for TestWriteTimeWindowedResponse","0","TestWriteTimeWindowedResponse","","Mon Jan 26 21:56:43 UTC 2026","passed","Mon Jan 26 21:56:43 UTC 2026","","Go Test","github.com/specterops/bloodhound/cmd/api/src/api/TestWriteTimeWindowedResponse","TestWriteTimeWindowedResponse"
"Test cases for TestReadRFC3339","1","TestReadRFC3339","","Mon Jan 26 21:57:17 UTC 2026","passed","Mon Jan 26 21:57:17 UTC 2026","","Go Test","github.com/specterops/bloodhound/cmd/api/src/utils/TestReadRFC3339","TestReadRFC3339"
"Test cases for TestResources_ListAuditLogs_InvalidSkip","0","TestResources_ListAuditLogs_InvalidSkip","","Mon Jan 26 21:56:55 UTC 2026","passed","Mon Jan 26 21:56:55 UTC 2026","","Go Test","github.com/specterops/bloodhound/cmd/api/src/api/v2/TestResources_ListAuditLogs_InvalidSkip","TestResources_ListAuditLogs_InvalidSkip"
"Test cases for TestCreateAssetGroupRequest_AuditData","0","TestCreateAssetGroupRequest_AuditData","","Mon Jan 26 21:56:55 UTC 2026","passed","Mon Jan 26 21:56:55 UTC 2026","","Go Test","github.com/specterops/bloodhound/cmd/api/src/api/v2/TestCreateAssetGroupRequest_AuditData","TestCreateAssetGroupRequest_AuditData"
"Test cases for TestResources_GetAnalysisRequest","0","TestResources_GetAnalysisRequest","","Mon Jan 26 21:56:55 UTC 2026","passed","Mon Jan 26 21:56:55 UTC 2026","","Go Test","github.com/specterops/bloodhound/cmd/api/src/api/v2/TestResources_GetAnalysisRequest","TestResources_GetAnalysisRequest"
"","67","Validate Displays all the Roles","useListDisplayRoles","Mon Jan 26 21:58:17 UTC 2026","passed","Mon Jan 26 21:58:17 UTC 2026","","","",""
"Test cases for TestStringPointer","0","TestStringPointer","","Mon Jan 26 21:57:01 UTC 2026","passed","Mon Jan 26 21:57:01 UTC 2026","","Go Test","github.com/specterops/bloodhound/cmd/api/src/database/types/null/TestStringPointer","TestStringPointer"
"Test cases for TestResources_ExportSavedQuery","20","TestResources_ExportSavedQuery","","Mon Jan 26 21:56:55 UTC 2026","passed","Mon Jan 26 21:56:55 UTC 2026","","Go Test","github.com/specterops/bloodhound/cmd/api/src/api/v2/TestResources_ExportSavedQuery","TestResources_ExportSavedQuery"
"","154","renders a single item when items is an object","<DetailsAccordion />","Mon Jan 26 21:58:21 UTC 2026","passed","Mon Jan 26 21:58:21 UTC 2026","","","",""
"Test cases for TestManagementResource_ListAuthProviders","1","TestManagementResource_ListAuthProviders","","Mon Jan 26 21:57:43 UTC 2026","passed","Mon Jan 26 21:57:43 UTC 2026","","Go Test","github.com/specterops/bloodhound/cmd/api/src/api/v2/auth/TestManagementResource_ListAuthProviders","TestManagementResource_ListAuthProviders"
"Test cases for TestManagementResource_ListAuthTokens_DBError","9","TestManagementResource_ListAuthTokens_DBError","","Mon Jan 26 21:57:25 UTC 2026","passed","Mon Jan 26 21:57:25 UTC 2026","","Go Test","github.com/specterops/bloodhound/cmd/api/src/api/v2/auth/TestManagementResource_ListAuthTokens_DBError","TestManagementResource_ListAuthTokens_DBError"
"","7","renders without label when label is empty string","StatusIndicator","Mon Jan 26 22:01:39 UTC 2026","passed","Mon Jan 26 22:01:39 UTC 2026","","","",""
"","0","The data is fetching","Getting the text for the disabled item display for a search when there are no results","Mon Jan 26 21:59:49 UTC 2026","passed","Mon Jan 26 21:59:49 UTC 2026","","Loading states","",""
"","289","calls onToggleEdgeLabels when click show all edge labels","GraphControls","Mon Jan 26 21:58:13 UTC 2026","passed","Mon Jan 26 21:58:13 UTC 2026","","Toggling labels","",""
"Test cases for TestResources_DeleteSavedQuery_NotPublicQueryAndUserIsAdmin","0","TestResources_DeleteSavedQuery_NotPublicQueryAndUserIsAdmin","","Mon Jan 26 21:56:55 UTC 2026","passed","Mon Jan 26 21:56:55 UTC 2026","","Go Test","github.com/specterops/bloodhound/cmd/api/src/api/v2/TestResources_DeleteSavedQuery_NotPublicQueryAndUserIsAdmin","TestResources_DeleteSavedQuery_NotPublicQueryAndUserIsAdmin"
"Test cases for TestInt64SetValid","0","TestInt64SetValid","","Mon Jan 26 21:57:01 UTC 2026","passed","Mon Jan 26 21:57:01 UTC 2026","","Go Test","github.com/specterops/bloodhound/cmd/api/src/database/types/null/TestInt64SetValid","TestInt64SetValid"
"","7","removes multiple keys from state","useObjectState","Mon Jan 26 22:01:12 UTC 2026","passed","Mon Jan 26 22:01:12 UTC 2026","","","",""
"Test cases for TestContextMiddleware_InvalidWait","0","TestContextMiddleware_InvalidWait","","Mon Jan 26 21:56:47 UTC 2026","passed","Mon Jan 26 21:56:47 UTC 2026","","Go Test","github.com/specterops/bloodhound/cmd/api/src/api/middleware/TestContextMiddleware_InvalidWait","TestContextMiddleware_InvalidWait"
"","231","calls setExploreParams with searchType and relationshipQueryItemId when selecting a composition accordion","EdgeInfoContent","Mon Jan 26 21:57:51 UTC 2026","passed","Mon Jan 26 21:57:51 UTC 2026","","EdgeInfoContent support for Deep Linking","",""
"","90","calls setSelected with correct data on click","NoteCell component","Mon Jan 26 22:00:27 UTC 2026","passed","Mon Jan 26 22:00:27 UTC 2026","","","",""
"","0","returns null if paramValue is null","useEnvironmentParams","Mon Jan 26 22:01:45 UTC 2026","passed","Mon Jan 26 22:01:45 UTC 2026","","parseEnvironmentAggregation","",""
"","21","does not show View in Explore if exploreUrl is not supplied","Seed Selection Results","Mon Jan 26 21:58:21 UTC 2026","passed","Mon Jan 26 21:58:21 UTC 2026","","","",""
"","777","renders a button that expands the filter section","AssetGroupEdit","Mon Jan 26 21:58:29 UTC 2026","passed","Mon Jan 26 21:58:30 UTC 2026","","","",""
"","268","renders analyze now section","AnalyzeNowConfiguration","Mon Jan 26 21:58:47 UTC 2026","passed","Mon Jan 26 21:58:47 UTC 2026","","","",""
"","144","links to the specified route with global params intact","AppLink","Mon Jan 26 21:59:59 UTC 2026","passed","Mon Jan 26 21:59:59 UTC 2026","","","",""
"","1","reports an API error when there is only statusText","handleError","Mon Jan 26 22:00:20 UTC 2026","passed","Mon Jan 26 22:00:20 UTC 2026","","","",""
"","12","navigates to the specified route with global params intact when triggered by a splat route","AppNavigate","Mon Jan 26 22:00:31 UTC 2026","passed","Mon Jan 26 22:00:31 UTC 2026","","","",""
"Test cases for TestManagementResource_CreateSAMLProviderMultipart","5","TestManagementResource_CreateSAMLProviderMultipart","","Mon Jan 26 21:57:43 UTC 2026","passed","Mon Jan 26 21:57:43 UTC 2026","","Go Test","github.com/specterops/bloodhound/cmd/api/src/api/v2/auth/TestManagementResource_CreateSAMLProviderMultipart","TestManagementResource_CreateSAMLProviderMultipart"
"Test cases for TestResources_GetOUEntityInfo","0","TestResources_GetOUEntityInfo","","Mon Jan 26 21:56:55 UTC 2026","passed","Mon Jan 26 21:56:55 UTC 2026","","Go Test","github.com/specterops/bloodhound/cmd/api/src/api/v2/TestResources_GetOUEntityInfo","TestResources_GetOUEntityInfo"
"Test cases for Test_HarnessSetup","0","Test_HarnessSetup","","Mon Jan 26 21:57:24 UTC 2026","passed","Mon Jan 26 21:57:24 UTC 2026","","Go Test","github.com/specterops/bloodhound/packages/go/lab/Test_HarnessSetup","Test_HarnessSetup"
"Test cases for TestBuildErrorResponseInternalServerError","0","TestBuildErrorResponseInternalServerError","","Mon Jan 26 21:56:43 UTC 2026","passed","Mon Jan 26 21:56:43 UTC 2026","","Go Test","github.com/specterops/bloodhound/cmd/api/src/api/TestBuildErrorResponseInternalServerError","TestBuildErrorResponseInternalServerError"
"","0","returns undefined if graphData is null or not a GraphResponse","getExploreTableData","Mon Jan 26 21:59:42 UTC 2026","passed","Mon Jan 26 21:59:42 UTC 2026","","","",""
"","538","handles creating a new rule","Rule Form","Mon Jan 26 21:57:54 UTC 2026","passed","Mon Jan 26 21:57:55 UTC 2026","","","",""
"Test cases for TestAssetGroupMembers_SortBy","0","TestAssetGroupMembers_SortBy","","Mon Jan 26 21:56:42 UTC 2026","passed","Mon Jan 26 21:56:42 UTC 2026","","Go Test","github.com/specterops/bloodhound/cmd/api/src/api/TestAssetGroupMembers_SortBy","TestAssetGroupMembers_SortBy"
"Test cases for TestAddWhereClauseToNeo4jQuery_WithWhereClause","0","TestAddWhereClauseToNeo4jQuery_WithWhereClause","","Mon Jan 26 21:56:55 UTC 2026","passed","Mon Jan 26 21:56:55 UTC 2026","","Go Test","github.com/specterops/bloodhound/cmd/api/src/api/v2/TestAddWhereClauseToNeo4jQuery_WithWhereClause","TestAddWhereClauseToNeo4jQuery_WithWhereClause"
"","14","renders note content when currentNote is present","HistoryNotes Component","Mon Jan 26 22:01:30 UTC 2026","passed","Mon Jan 26 22:01:30 UTC 2026","","","",""
"","68","displays the value from filterParams.node_type","AssetGroupEdit","Mon Jan 26 21:58:30 UTC 2026","passed","Mon Jan 26 21:58:30 UTC 2026","","Node Type dropdown filter","",""
"","22","returns a comma separated number when provided with a number > 999","numberFormatting","Mon Jan 26 22:01:34 UTC 2026","passed","Mon Jan 26 22:01:34 UTC 2026","","","",""
"","385","renders with the Export and Delete buttons disabled","QuerySearchFilter","Mon Jan 26 21:59:52 UTC 2026","passed","Mon Jan 26 21:59:53 UTC 2026","","","",""
"","91","Calls the `Base` endpoint for a LocalGroup type node","EntityObjectInformation","Mon Jan 26 21:59:36 UTC 2026","passed","Mon Jan 26 21:59:36 UTC 2026","","","",""
"","158","should display ""Disable Multi-Factor Authentication"" button","Enable2FADialog","Mon Jan 26 22:00:27 UTC 2026","passed","Mon Jan 26 22:00:27 UTC 2026","","","",""
"Test cases for Test_GetAssetGroupMembersBySelector","4","Test_GetAssetGroupMembersBySelector","","Mon Jan 26 21:56:55 UTC 2026","passed","Mon Jan 26 21:56:55 UTC 2026","","Go Test","github.com/specterops/bloodhound/cmd/api/src/api/v2/Test_GetAssetGroupMembersBySelector","Test_GetAssetGroupMembersBySelector"
"","526","should render","PasswordResetForm","Mon Jan 26 21:59:20 UTC 2026","passed","Mon Jan 26 21:59:20 UTC 2026","","","",""
"Test cases for TestNewSIDSuffix","0","TestNewSIDSuffix","","Mon Jan 26 21:57:20 UTC 2026","passed","Mon Jan 26 21:57:20 UTC 2026","","Go Test","github.com/specterops/bloodhound/packages/go/analysis/ad/wellknown/TestNewSIDSuffix","TestNewSIDSuffix"
"","1821","should add an option and display the changelog when it is clicked","AssetGroupEdit","Mon Jan 26 22:00:07 UTC 2026","passed","Mon Jan 26 22:00:09 UTC 2026","","","",""
"Test cases for TestExpireUserAuthSecret_Failure","0","TestExpireUserAuthSecret_Failure","","Mon Jan 26 21:57:02 UTC 2026","passed","Mon Jan 26 21:57:02 UTC 2026","","Go Test","github.com/specterops/bloodhound/cmd/api/src/api/v2/auth/TestExpireUserAuthSecret_Failure","TestExpireUserAuthSecret_Failure"
"","1","should recognize azure properties","validating a node property against the shared generated schema","Mon Jan 26 21:58:44 UTC 2026","passed","Mon Jan 26 21:58:44 UTC 2026","","","",""
"Test cases for TestSavedQueries_GetValidFilterPredicatesAsStrings","0","TestSavedQueries_GetValidFilterPredicatesAsStrings","","Mon Jan 26 21:57:02 UTC 2026","passed","Mon Jan 26 21:57:02 UTC 2026","","Go Test","github.com/specterops/bloodhound/cmd/api/src/model/TestSavedQueries_GetValidFilterPredicatesAsStrings","TestSavedQueries_GetValidFilterPredicatesAsStrings"
"Test cases for TestQueries_BuildEntityQueryParams_DataTypeCount","0","TestQueries_BuildEntityQueryParams_DataTypeCount","","Mon Jan 26 21:57:04 UTC 2026","passed","Mon Jan 26 21:57:04 UTC 2026","","Go Test","github.com/specterops/bloodhound/cmd/api/src/queries/TestQueries_BuildEntityQueryParams_DataTypeCount","TestQueries_BuildEntityQueryParams_DataTypeCount"
"","1","prevents MouseCoords events","preventAllDefaults","Mon Jan 26 22:02:56 UTC 2026","passed","Mon Jan 26 22:02:56 UTC 2026","","","",""
"Test cases for Test_UseHooks","0","Test_UseHooks","","Mon Jan 26 21:57:24 UTC 2026","passed","Mon Jan 26 21:57:24 UTC 2026","","Go Test","github.com/specterops/bloodhound/packages/go/lab/Test_UseHooks","Test_UseHooks"
"Test cases for TestManagementResource_ListAuthTokens_InvalidFilterPredicate","0","TestManagementResource_ListAuthTokens_InvalidFilterPredicate","","Mon Jan 26 21:57:25 UTC 2026","passed","Mon Jan 26 21:57:25 UTC 2026","","Go Test","github.com/specterops/bloodhound/cmd/api/src/api/v2/auth/TestManagementResource_ListAuthTokens_InvalidFilterPredicate","TestManagementResource_ListAuthTokens_InvalidFilterPredicate"
"Test cases for TestBoolPointer","0","TestBoolPointer","","Mon Jan 26 21:57:01 UTC 2026","passed","Mon Jan 26 21:57:01 UTC 2026","","Go Test","github.com/specterops/bloodhound/cmd/api/src/database/types/null/TestBoolPointer","TestBoolPointer"
"","245","passes item props to Header and Content","<DetailsAccordion />","Mon Jan 26 21:58:21 UTC 2026","passed","Mon Jan 26 21:58:21 UTC 2026","","","",""
"","712","should open save dialog on keyboard press alt+S","CypherSearch","Mon Jan 26 21:59:46 UTC 2026","passed","Mon Jan 26 21:59:47 UTC 2026","","","",""
"Test cases for TestIngestJobs_IsSortable","0","TestIngestJobs_IsSortable","","Mon Jan 26 21:57:02 UTC 2026","passed","Mon Jan 26 21:57:02 UTC 2026","","Go Test","github.com/specterops/bloodhound/cmd/api/src/model/TestIngestJobs_IsSortable","TestIngestJobs_IsSortable"
"Test cases for TestResources_GetAssetGroupMemberCount_Success","1","TestResources_GetAssetGroupMemberCount_Success","","Mon Jan 26 21:56:55 UTC 2026","passed","Mon Jan 26 21:56:55 UTC 2026","","Go Test","github.com/specterops/bloodhound/cmd/api/src/api/v2/TestResources_GetAssetGroupMemberCount_Success","TestResources_GetAssetGroupMemberCount_Success"
"Test cases for TestResources_ListADEntityControllables","0","TestResources_ListADEntityControllables","","Mon Jan 26 21:56:55 UTC 2026","passed","Mon Jan 26 21:56:55 UTC 2026","","Go Test","github.com/specterops/bloodhound/cmd/api/src/api/v2/TestResources_ListADEntityControllables","TestResources_ListADEntityControllables"
"Test cases for TestGenerateTOTPSecret","0","TestGenerateTOTPSecret","","Mon Jan 26 21:56:56 UTC 2026","passed","Mon Jan 26 21:56:56 UTC 2026","","Go Test","github.com/specterops/bloodhound/cmd/api/src/auth/TestGenerateTOTPSecret","TestGenerateTOTPSecret"
"","10","shows hint by default","ManagedDatePicker - placeholders","Mon Jan 26 21:59:32 UTC 2026","passed","Mon Jan 26 21:59:32 UTC 2026","","","",""
"Test cases for TestNormalizeEinNodeProperties","0","TestNormalizeEinNodeProperties","","Mon Jan 26 21:57:07 UTC 2026","passed","Mon Jan 26 21:57:07 UTC 2026","","Go Test","github.com/specterops/bloodhound/cmd/api/src/services/graphify/TestNormalizeEinNodeProperties","TestNormalizeEinNodeProperties"
"Test cases for TestPredefinedNodeNamePrefixes","1","TestPredefinedNodeNamePrefixes","","Mon Jan 26 21:57:20 UTC 2026","passed","Mon Jan 26 21:57:20 UTC 2026","","Go Test","github.com/specterops/bloodhound/packages/go/analysis/ad/wellknown/TestPredefinedNodeNamePrefixes","TestPredefinedNodeNamePrefixes"
"","231","should not render list items for domains that are not collected","Context Selector","Mon Jan 26 21:57:57 UTC 2026","passed","Mon Jan 26 21:57:58 UTC 2026","","","",""
"","68","indicates the code container is scrollable when the code is unwrapped","CodeController","Mon Jan 26 22:01:31 UTC 2026","passed","Mon Jan 26 22:01:31 UTC 2026","","","",""
"Test cases for TestConvertOUToNode_InheritanceHashes","0","TestConvertOUToNode_InheritanceHashes","","Mon Jan 26 21:57:23 UTC 2026","passed","Mon Jan 26 21:57:23 UTC 2026","","Go Test","github.com/specterops/bloodhound/packages/go/ein/TestConvertOUToNode_InheritanceHashes","TestConvertOUToNode_InheritanceHashes"
"","273","renders a non-primary button as expected","DropdownSelector","Mon Jan 26 22:00:36 UTC 2026","passed","Mon Jan 26 22:00:37 UTC 2026","","","",""
"Test cases for TestResources_ListADEntityConstrainedDelegationRights","0","TestResources_ListADEntityConstrainedDelegationRights","","Mon Jan 26 21:56:55 UTC 2026","passed","Mon Jan 26 21:56:55 UTC 2026","","Go Test","github.com/specterops/bloodhound/cmd/api/src/api/v2/TestResources_ListADEntityConstrainedDelegationRights","TestResources_ListADEntityConstrainedDelegationRights"
"Test cases for TestGetADDataQualityStats_Failure","0","TestGetADDataQualityStats_Failure","","Mon Jan 26 21:56:55 UTC 2026","passed","Mon Jan 26 21:56:55 UTC 2026","","Go Test","github.com/specterops/bloodhound/cmd/api/src/api/v2/TestGetADDataQualityStats_Failure","TestGetADDataQualityStats_Failure"
"Test cases for TestResources_GetAssetGroupTagMemberCountsByKind","1","TestResources_GetAssetGroupTagMemberCountsByKind","","Mon Jan 26 21:56:55 UTC 2026","passed","Mon Jan 26 21:56:55 UTC 2026","","Go Test","github.com/specterops/bloodhound/cmd/api/src/api/v2/TestResources_GetAssetGroupTagMemberCountsByKind","TestResources_GetAssetGroupTagMemberCountsByKind"
"Test cases for TestInt64FromPtr","0","TestInt64FromPtr","","Mon Jan 26 21:57:01 UTC 2026","passed","Mon Jan 26 21:57:01 UTC 2026","","Go Test","github.com/specterops/bloodhound/cmd/api/src/database/types/null/TestInt64FromPtr","TestInt64FromPtr"
"","9","will update the selected filters based on the values stored in query params when the initialize function is called","usePathfindingFilters","Mon Jan 26 22:01:13 UTC 2026","passed","Mon Jan 26 22:01:13 UTC 2026","","","",""
"Test cases for TestHandleDatabaseError","0","TestHandleDatabaseError","","Mon Jan 26 21:56:43 UTC 2026","passed","Mon Jan 26 21:56:43 UTC 2026","","Go Test","github.com/specterops/bloodhound/cmd/api/src/api/TestHandleDatabaseError","TestHandleDatabaseError"
"","1110","shows a table with partially completed jobs","FileIngestTable","Mon Jan 26 21:59:20 UTC 2026","passed","Mon Jan 26 21:59:21 UTC 2026","","","",""
"","275","should render with the correct content","ConfirmUpdateQueryDialog","Mon Jan 26 22:01:24 UTC 2026","passed","Mon Jan 26 22:01:24 UTC 2026","","","",""
"Test cases for TestNodeNamePrefix_AppendSuffix","0","TestNodeNamePrefix_AppendSuffix","","Mon Jan 26 21:57:20 UTC 2026","passed","Mon Jan 26 21:57:20 UTC 2026","","Go Test","github.com/specterops/bloodhound/packages/go/analysis/ad/wellknown/TestNodeNamePrefix_AppendSuffix","TestNodeNamePrefix_AppendSuffix"
"Test cases for TestResources_GetAssetGroupMemberCount_DBError","0","TestResources_GetAssetGroupMemberCount_DBError","","Mon Jan 26 21:56:55 UTC 2026","passed","Mon Jan 26 21:56:55 UTC 2026","","Go Test","github.com/specterops/bloodhound/cmd/api/src/api/v2/TestResources_GetAssetGroupMemberCount_DBError","TestResources_GetAssetGroupMemberCount_DBError"
"Test cases for TestGenericClone","0","TestGenericClone","","Mon Jan 26 21:57:17 UTC 2026","passed","Mon Jan 26 21:57:17 UTC 2026","","Go Test","github.com/specterops/bloodhound/cmd/api/src/utils/TestGenericClone","TestGenericClone"
"Test cases for TestResources_GetEdgeRelayTargets","79","TestResources_GetEdgeRelayTargets","","Mon Jan 26 21:56:55 UTC 2026","passed","Mon Jan 26 21:56:55 UTC 2026","","Go Test","github.com/specterops/bloodhound/cmd/api/src/api/v2/TestResources_GetEdgeRelayTargets","TestResources_GetEdgeRelayTargets"
"","944","displays validation error messages when password does not meet requirements","PasswordDialog","Mon Jan 26 21:57:54 UTC 2026","passed","Mon Jan 26 21:57:55 UTC 2026","","","",""
"","124","passes check if the user has a required permission","usePermissions","Mon Jan 26 21:58:40 UTC 2026","passed","Mon Jan 26 21:58:40 UTC 2026","","","",""
"Test cases for FuzzFoldr","0","FuzzFoldr","","Mon Jan 26 21:57:38 UTC 2026","passed","Mon Jan 26 21:57:38 UTC 2026","","Go Test","github.com/specterops/bloodhound/packages/go/slicesext/FuzzFoldr","FuzzFoldr"
"","24","does not set input text if no value is given","ManagedDatePicker - value","Mon Jan 26 21:59:32 UTC 2026","passed","Mon Jan 26 21:59:32 UTC 2026","","","",""
"Test cases for TestResources_GetPermissionsForSavedQuery","75","TestResources_GetPermissionsForSavedQuery","","Mon Jan 26 21:56:55 UTC 2026","passed","Mon Jan 26 21:56:55 UTC 2026","","Go Test","github.com/specterops/bloodhound/cmd/api/src/api/v2/TestResources_GetPermissionsForSavedQuery","TestResources_GetPermissionsForSavedQuery"
"Test cases for TestParseDomainTrusts_TrustAttributes","1","TestParseDomainTrusts_TrustAttributes","","Mon Jan 26 21:57:23 UTC 2026","passed","Mon Jan 26 21:57:23 UTC 2026","","Go Test","github.com/specterops/bloodhound/packages/go/ein/TestParseDomainTrusts_TrustAttributes","TestParseDomainTrusts_TrustAttributes"
"Test cases for TestUnmarshalFloat","0","TestUnmarshalFloat","","Mon Jan 26 21:57:01 UTC 2026","passed","Mon Jan 26 21:57:01 UTC 2026","","Go Test","github.com/specterops/bloodhound/cmd/api/src/database/types/null/TestUnmarshalFloat","TestUnmarshalFloat"
"","1519","renders","Glyph Select Dialog","Mon Jan 26 22:01:22 UTC 2026","passed","Mon Jan 26 22:01:23 UTC 2026","","","",""
"Test cases for TestResources_ListAvailableEnvironments","9","TestResources_ListAvailableEnvironments","","Mon Jan 26 21:56:55 UTC 2026","passed","Mon Jan 26 21:56:55 UTC 2026","","Go Test","github.com/specterops/bloodhound/cmd/api/src/api/v2/TestResources_ListAvailableEnvironments","TestResources_ListAvailableEnvironments"
"","0","returns undefined if graphData is undefined or not a GraphResponse","getExploreTableData","Mon Jan 26 21:59:42 UTC 2026","passed","Mon Jan 26 21:59:42 UTC 2026","","","",""
"","1","should return the edge parts from the key","getEdgeDataFromKey","Mon Jan 26 22:02:51 UTC 2026","passed","Mon Jan 26 22:02:51 UTC 2026","","","",""
"Test cases for TestConvertAzureRoleEligibilityScheduleInstanceToRel","0","TestConvertAzureRoleEligibilityScheduleInstanceToRel","","Mon Jan 26 21:57:23 UTC 2026","passed","Mon Jan 26 21:57:23 UTC 2026","","Go Test","github.com/specterops/bloodhound/packages/go/ein/TestConvertAzureRoleEligibilityScheduleInstanceToRel","TestConvertAzureRoleEligibilityScheduleInstanceToRel"
"","330","renders with applied filters","Privilege Zones History Filter Dialog","Mon Jan 26 21:59:14 UTC 2026","passed","Mon Jan 26 21:59:14 UTC 2026","","","",""
"","865","should call onSave when Save button is clicked and form input is valid","CreateUserDialog","Mon Jan 26 21:58:03 UTC 2026","passed","Mon Jan 26 21:58:04 UTC 2026","","","",""
"","202","displays appropriate text when there are no matches for search term","SearchCurrentNodes","Mon Jan 26 21:59:53 UTC 2026","passed","Mon Jan 26 21:59:53 UTC 2026","","","",""
"","358","handles removing from a tier zero asset group","AssetGroupMenuItem","Mon Jan 26 22:02:14 UTC 2026","passed","Mon Jan 26 22:02:14 UTC 2026","","removing from an asset group","",""
"","1399","handles delete by source kind","DatabaseManagement","Mon Jan 26 22:02:25 UTC 2026","passed","Mon Jan 26 22:02:27 UTC 2026","","","",""
"Test cases for TestTimeFrom","0","TestTimeFrom","","Mon Jan 26 21:57:01 UTC 2026","passed","Mon Jan 26 21:57:01 UTC 2026","","Go Test","github.com/specterops/bloodhound/cmd/api/src/database/types/null/TestTimeFrom","TestTimeFrom"
"Test cases for TestPredefinedSIDSuffixes","0","TestPredefinedSIDSuffixes","","Mon Jan 26 21:57:20 UTC 2026","passed","Mon Jan 26 21:57:20 UTC 2026","","Go Test","github.com/specterops/bloodhound/packages/go/analysis/ad/wellknown/TestPredefinedSIDSuffixes","TestPredefinedSIDSuffixes"
"","128","renders enabled Zone and Rule tabs and disabled Object tab","Selected Details Tabs","Mon Jan 26 21:58:54 UTC 2026","passed","Mon Jan 26 21:58:54 UTC 2026","","Selected Details Tabs - Params present","",""
"","228","sums nested section node counts","EntityInfoDataTable","Mon Jan 26 21:58:44 UTC 2026","passed","Mon Jan 26 21:58:44 UTC 2026","","Node count for nested table that counts all sections","",""
"Test cases for TestManagementResource_ListUsers","0","TestManagementResource_ListUsers","","Mon Jan 26 21:57:02 UTC 2026","passed","Mon Jan 26 21:57:02 UTC 2026","","Go Test","github.com/specterops/bloodhound/cmd/api/src/api/v2/auth/TestManagementResource_ListUsers","TestManagementResource_ListUsers"
"Test cases for TestResources_ListAuditLogs_SkipAndOffset","0","TestResources_ListAuditLogs_SkipAndOffset","","Mon Jan 26 21:56:55 UTC 2026","passed","Mon Jan 26 21:56:55 UTC 2026","","Go Test","github.com/specterops/bloodhound/cmd/api/src/api/v2/TestResources_ListAuditLogs_SkipAndOffset","TestResources_ListAuditLogs_SkipAndOffset"
"","7","does not request finished jobs if lacking permission","useFinishedJobs","Mon Jan 26 21:59:12 UTC 2026","passed","Mon Jan 26 21:59:12 UTC 2026","","","",""
"Test cases for TestFloatScan","0","TestFloatScan","","Mon Jan 26 21:57:01 UTC 2026","passed","Mon Jan 26 21:57:01 UTC 2026","","Go Test","github.com/specterops/bloodhound/cmd/api/src/database/types/null/TestFloatScan","TestFloatScan"
"Test cases for TestDurationValidator","1","TestDurationValidator","","Mon Jan 26 21:57:18 UTC 2026","passed","Mon Jan 26 21:57:18 UTC 2026","","Go Test","github.com/specterops/bloodhound/cmd/api/src/utils/validation/TestDurationValidator","TestDurationValidator"
"Test cases for TestManagementResource_UpdateUser_GetUserError","879","TestManagementResource_UpdateUser_GetUserError","","Mon Jan 26 21:57:12 UTC 2026","passed","Mon Jan 26 21:57:13 UTC 2026","","Go Test","github.com/specterops/bloodhound/cmd/api/src/api/v2/auth/TestManagementResource_UpdateUser_GetUserError","TestManagementResource_UpdateUser_GetUserError"
"Test cases for TestManagementResource_UpdateUser_IDMalformed","1487","TestManagementResource_UpdateUser_IDMalformed","","Mon Jan 26 21:57:10 UTC 2026","passed","Mon Jan 26 21:57:12 UTC 2026","","Go Test","github.com/specterops/bloodhound/cmd/api/src/api/v2/auth/TestManagementResource_UpdateUser_IDMalformed","TestManagementResource_UpdateUser_IDMalformed"
"","1010","opens a submenu when user hovers over `Copy`","ContextMenu","Mon Jan 26 22:02:24 UTC 2026","passed","Mon Jan 26 22:02:25 UTC 2026","","","",""
"Test cases for Test_SetApplicationConfiguration","1","Test_SetApplicationConfiguration","","Mon Jan 26 21:56:55 UTC 2026","passed","Mon Jan 26 21:56:55 UTC 2026","","Go Test","github.com/specterops/bloodhound/cmd/api/src/api/v2/Test_SetApplicationConfiguration","Test_SetApplicationConfiguration"
"","0","No type was provided and no results were available","Getting the text for the disabled item display for a search when there are no results","Mon Jan 26 21:59:49 UTC 2026","passed","Mon Jan 26 21:59:49 UTC 2026","","Empty data states","",""
"","1180","should display a dropdown when a user types a partial query that can be autocompleted","CypherSearch","Mon Jan 26 21:59:44 UTC 2026","passed","Mon Jan 26 21:59:45 UTC 2026","","","",""
"","0","accepts a sort and compare function","areArraysSimilar","Mon Jan 26 22:01:26 UTC 2026","passed","Mon Jan 26 22:01:26 UTC 2026","","","",""
"Test cases for TestManagementResource_ListRoles_DBError","0","TestManagementResource_ListRoles_DBError","","Mon Jan 26 21:57:02 UTC 2026","passed","Mon Jan 26 21:57:02 UTC 2026","","Go Test","github.com/specterops/bloodhound/cmd/api/src/api/v2/auth/TestManagementResource_ListRoles_DBError","TestManagementResource_ListRoles_DBError"
"Test cases for TestModifyCookieAttribute","1","TestModifyCookieAttribute","","Mon Jan 26 21:57:18 UTC 2026","passed","Mon Jan 26 21:57:18 UTC 2026","","Go Test","github.com/specterops/bloodhound/cmd/api/src/utils/test/TestModifyCookieAttribute","TestModifyCookieAttribute"
"","8","optionally allows the consumer to pass a query to performSearch() and adds that query to the url","useCypherSearch","Mon Jan 26 22:01:22 UTC 2026","passed","Mon Jan 26 22:01:22 UTC 2026","","","",""
"","67","takes the param appendQueryKey and will append that value to the existing queryKey","useAvailableEnvironments","Mon Jan 26 22:00:51 UTC 2026","passed","Mon Jan 26 22:00:51 UTC 2026","","useAvailableEnvironments","",""
"Test cases for TestOrphanFileSweeper_Clear","1","TestOrphanFileSweeper_Clear","","Mon Jan 26 21:56:59 UTC 2026","passed","Mon Jan 26 21:56:59 UTC 2026","","Go Test","github.com/specterops/bloodhound/cmd/api/src/daemons/datapipe/TestOrphanFileSweeper_Clear","TestOrphanFileSweeper_Clear"
"","40","applies accent styling to headers when accent is true","<DetailsAccordion />","Mon Jan 26 21:58:22 UTC 2026","passed","Mon Jan 26 21:58:22 UTC 2026","","","",""
"","873","should render","CypherSearch","Mon Jan 26 21:59:42 UTC 2026","passed","Mon Jan 26 21:59:43 UTC 2026","","","",""
"Test cases for TestResources_DeleteSavedQueryPermissions","0","TestResources_DeleteSavedQueryPermissions","","Mon Jan 26 21:56:55 UTC 2026","passed","Mon Jan 26 21:56:55 UTC 2026","","Go Test","github.com/specterops/bloodhound/cmd/api/src/api/v2/TestResources_DeleteSavedQueryPermissions","TestResources_DeleteSavedQueryPermissions"
"Test cases for TestAssetGroupMembers_Filter_Equals","0","TestAssetGroupMembers_Filter_Equals","","Mon Jan 26 21:56:42 UTC 2026","passed","Mon Jan 26 21:56:42 UTC 2026","","Go Test","github.com/specterops/bloodhound/cmd/api/src/api/TestAssetGroupMembers_Filter_Equals","TestAssetGroupMembers_Filter_Equals"
"","13","displays lastlogontimestamp cell as UNKNOWN when the value is 0","ExploreTableDataCell","Mon Jan 26 22:01:05 UTC 2026","passed","Mon Jan 26 22:01:05 UTC 2026","","","",""
"","117","does not show View in Explore if in object rule type","Seed Selection Results","Mon Jan 26 21:58:21 UTC 2026","passed","Mon Jan 26 21:58:21 UTC 2026","","","",""
"Test cases for TestResources_UpdateAssetGroupSelectors_PayloadError","0","TestResources_UpdateAssetGroupSelectors_PayloadError","","Mon Jan 26 21:56:55 UTC 2026","passed","Mon Jan 26 21:56:55 UTC 2026","","Go Test","github.com/specterops/bloodhound/cmd/api/src/api/v2/TestResources_UpdateAssetGroupSelectors_PayloadError","TestResources_UpdateAssetGroupSelectors_PayloadError"
"","592","calls onSave when valid form inputs are provided","PasswordDialog","Mon Jan 26 21:57:57 UTC 2026","passed","Mon Jan 26 21:57:58 UTC 2026","","","",""
"","10","does not call onSort when disable=true","ColumnHeaders","Mon Jan 26 22:00:47 UTC 2026","passed","Mon Jan 26 22:00:47 UTC 2026","","SortableHeader","",""
"","1","reports an API error when the name for the rule is not unique","handleError","Mon Jan 26 22:00:20 UTC 2026","passed","Mon Jan 26 22:00:20 UTC 2026","","","",""
"Test cases for TestResources_UpdateSavedQuery_ErrorFetchingPublicStatus","0","TestResources_UpdateSavedQuery_ErrorFetchingPublicStatus","","Mon Jan 26 21:56:55 UTC 2026","passed","Mon Jan 26 21:56:55 UTC 2026","","Go Test","github.com/specterops/bloodhound/cmd/api/src/api/v2/TestResources_UpdateSavedQuery_ErrorFetchingPublicStatus","TestResources_UpdateSavedQuery_ErrorFetchingPublicStatus"
"Test cases for TestResources_PatchDomain","0","TestResources_PatchDomain","","Mon Jan 26 21:56:55 UTC 2026","passed","Mon Jan 26 21:56:55 UTC 2026","","Go Test","github.com/specterops/bloodhound/cmd/api/src/api/v2/TestResources_PatchDomain","TestResources_PatchDomain"
"Test cases for TestResources_ImportSavedQuery","29","TestResources_ImportSavedQuery","","Mon Jan 26 21:56:55 UTC 2026","passed","Mon Jan 26 21:56:55 UTC 2026","","Go Test","github.com/specterops/bloodhound/cmd/api/src/api/v2/TestResources_ImportSavedQuery","TestResources_ImportSavedQuery"
"","162","Verify Vault Reader count is the count returned by All Readers","EntityInfoDataTable","Mon Jan 26 21:58:44 UTC 2026","passed","Mon Jan 26 21:58:45 UTC 2026","","Node count for Vault Readers nested table","",""
"","159","should fire Cancel once with false","ConfirmationDialog","Mon Jan 26 22:01:35 UTC 2026","passed","Mon Jan 26 22:01:35 UTC 2026","","","",""
"","65","returns a list of the users current permissions","usePermissions","Mon Jan 26 21:58:40 UTC 2026","passed","Mon Jan 26 21:58:40 UTC 2026","","","",""
"","0","returns true if value is ''","searchParams","Mon Jan 26 22:00:17 UTC 2026","passed","Mon Jan 26 22:00:17 UTC 2026","","isEmptyParam","",""
"Test cases for TestResources_ListPublishedToCAs","0","TestResources_ListPublishedToCAs","","Mon Jan 26 21:56:55 UTC 2026","passed","Mon Jan 26 21:56:55 UTC 2026","","Go Test","github.com/specterops/bloodhound/cmd/api/src/api/v2/TestResources_ListPublishedToCAs","TestResources_ListPublishedToCAs"
"","14","returns Rule Object counts when there is a Tag and a Rule selected (tagId and ruleId are in path params)","useObjectCounts","Mon Jan 26 22:01:21 UTC 2026","passed","Mon Jan 26 22:01:21 UTC 2026","","","",""
"Test cases for TestResources_ListADDomainContainedUsers","0","TestResources_ListADDomainContainedUsers","","Mon Jan 26 21:56:55 UTC 2026","passed","Mon Jan 26 21:56:55 UTC 2026","","Go Test","github.com/specterops/bloodhound/cmd/api/src/api/v2/TestResources_ListADDomainContainedUsers","TestResources_ListADDomainContainedUsers"
"","3","should compute the midpoint of a line segment","bezier","Mon Jan 26 22:02:36 UTC 2026","passed","Mon Jan 26 22:02:36 UTC 2026","","","",""
"","256","validates that the name input is under the max length","Tag Form","Mon Jan 26 21:57:36 UTC 2026","passed","Mon Jan 26 21:57:36 UTC 2026","","","",""
"","158","a timeout response from the server is handled","ExploreSearchCombobox with search timeout","Mon Jan 26 21:58:41 UTC 2026","passed","Mon Jan 26 21:58:41 UTC 2026","","","",""
"","497","toggles sort order when clicking sortable header","RulesAccordion","Mon Jan 26 22:00:15 UTC 2026","passed","Mon Jan 26 22:00:16 UTC 2026","","","",""
"Test cases for TestSetValue","0","TestSetValue","","Mon Jan 26 21:56:57 UTC 2026","passed","Mon Jan 26 21:56:57 UTC 2026","","Go Test","github.com/specterops/bloodhound/cmd/api/src/config/TestSetValue","TestSetValue"
"Test cases for TestMatches_FailureAction","1","TestMatches_FailureAction","","Mon Jan 26 21:57:02 UTC 2026","passed","Mon Jan 26 21:57:02 UTC 2026","","Go Test","github.com/specterops/bloodhound/cmd/api/src/model/TestMatches_FailureAction","TestMatches_FailureAction"
"Test cases for TestInt64Pointer","0","TestInt64Pointer","","Mon Jan 26 21:57:01 UTC 2026","passed","Mon Jan 26 21:57:01 UTC 2026","","Go Test","github.com/specterops/bloodhound/cmd/api/src/database/types/null/TestInt64Pointer","TestInt64Pointer"
"Test cases for TestAssetGroupSelectorSpec_Validate","0","TestAssetGroupSelectorSpec_Validate","","Mon Jan 26 21:57:02 UTC 2026","passed","Mon Jan 26 21:57:02 UTC 2026","","Go Test","github.com/specterops/bloodhound/cmd/api/src/model/TestAssetGroupSelectorSpec_Validate","TestAssetGroupSelectorSpec_Validate"
"","7","dismisses a notification","AppNotifications","Mon Jan 26 22:00:31 UTC 2026","passed","Mon Jan 26 22:00:31 UTC 2026","","","",""
"Test cases for TestFeatureFlagManagerPoller","83","TestFeatureFlagManagerPoller","","Mon Jan 26 21:56:58 UTC 2026","passed","Mon Jan 26 21:56:58 UTC 2026","","Go Test","github.com/specterops/bloodhound/cmd/api/src/daemons/changelog/TestFeatureFlagManagerPoller","TestFeatureFlagManagerPoller"
"Test cases for TestParseOptionalLimitQueryParameter","108","TestParseOptionalLimitQueryParameter","","Mon Jan 26 21:56:55 UTC 2026","passed","Mon Jan 26 21:56:55 UTC 2026","","Go Test","github.com/specterops/bloodhound/cmd/api/src/api/v2/TestParseOptionalLimitQueryParameter","TestParseOptionalLimitQueryParameter"
"Test cases for TestManagementResource_UpdateUser_DuplicateEmailError","0","TestManagementResource_UpdateUser_DuplicateEmailError","","Mon Jan 26 21:57:14 UTC 2026","passed","Mon Jan 26 21:57:14 UTC 2026","","Go Test","github.com/specterops/bloodhound/cmd/api/src/api/v2/auth/TestManagementResource_UpdateUser_DuplicateEmailError","TestManagementResource_UpdateUser_DuplicateEmailError"
"","61","displays ! icon when one of the Affected Object calls fail","EntityInfoDataTableGraphed","Mon Jan 26 21:58:41 UTC 2026","passed","Mon Jan 26 21:58:41 UTC 2026","","Node count for nested table that counts all sections","",""
"","841","should render an update user form","UpdateUserDialog","Mon Jan 26 21:58:02 UTC 2026","passed","Mon Jan 26 21:58:03 UTC 2026","","","",""
"","1687","should clear out the sso provider id from submission data when the authentication method is changed","UpdateUserDialog","Mon Jan 26 21:58:07 UTC 2026","passed","Mon Jan 26 21:58:08 UTC 2026","","","",""
"","206","toggles parent from all to none","SourceKindsCheckboxes","Mon Jan 26 21:59:06 UTC 2026","passed","Mon Jan 26 21:59:06 UTC 2026","","","",""
"Test cases for TestInt64IsZero","0","TestInt64IsZero","","Mon Jan 26 21:57:01 UTC 2026","passed","Mon Jan 26 21:57:01 UTC 2026","","Go Test","github.com/specterops/bloodhound/cmd/api/src/database/types/null/TestInt64IsZero","TestInt64IsZero"
"Test cases for TestResources_CreateSavedQuery_DuplicateName","0","TestResources_CreateSavedQuery_DuplicateName","","Mon Jan 26 21:56:55 UTC 2026","passed","Mon Jan 26 21:56:55 UTC 2026","","Go Test","github.com/specterops/bloodhound/cmd/api/src/api/v2/TestResources_CreateSavedQuery_DuplicateName","TestResources_CreateSavedQuery_DuplicateName"
"","8","does not render note content when selected is null","HistoryNotes Component","Mon Jan 26 22:01:30 UTC 2026","passed","Mon Jan 26 22:01:30 UTC 2026","","","",""
"Test cases for TestResources_UpdateAssetGroup","0","TestResources_UpdateAssetGroup","","Mon Jan 26 21:56:55 UTC 2026","passed","Mon Jan 26 21:56:55 UTC 2026","","Go Test","github.com/specterops/bloodhound/cmd/api/src/api/v2/TestResources_UpdateAssetGroup","TestResources_UpdateAssetGroup"
"","6","adds expected text alignment class depending on the textAlign prop","ColumnHeaders","Mon Jan 26 22:00:47 UTC 2026","passed","Mon Jan 26 22:00:47 UTC 2026","","BaseColumnHeader","",""
"","54","should hide Environmental Targeted Access Control panel when showEnvironmentAccessControls prop is false","UpdateUserForm","Mon Jan 26 21:57:46 UTC 2026","passed","Mon Jan 26 21:57:46 UTC 2026","","","",""
"","199","handles chevron click event","CommonSearches","Mon Jan 26 21:58:30 UTC 2026","passed","Mon Jan 26 21:58:30 UTC 2026","","","",""
"Test cases for TestUnmarshalInt","0","TestUnmarshalInt","","Mon Jan 26 21:57:01 UTC 2026","passed","Mon Jan 26 21:57:01 UTC 2026","","Go Test","github.com/specterops/bloodhound/cmd/api/src/database/types/null/TestUnmarshalInt","TestUnmarshalInt"
"","0","should appropriately handle edges that contain underscores","getEdgeDataFromKey","Mon Jan 26 22:02:51 UTC 2026","passed","Mon Jan 26 22:02:51 UTC 2026","","","",""
"","398","renders no asset group edit options without graph write permissions","ContextMenu","Mon Jan 26 22:02:22 UTC 2026","passed","Mon Jan 26 22:02:23 UTC 2026","","","",""
"","168","shows all checked boxes","SourceKindsCheckboxes","Mon Jan 26 21:59:06 UTC 2026","passed","Mon Jan 26 21:59:06 UTC 2026","","","",""
"Test cases for TestResources_UpdateSavedQuery_InvalidBody","0","TestResources_UpdateSavedQuery_InvalidBody","","Mon Jan 26 21:56:55 UTC 2026","passed","Mon Jan 26 21:56:55 UTC 2026","","Go Test","github.com/specterops/bloodhound/cmd/api/src/api/v2/TestResources_UpdateSavedQuery_InvalidBody","TestResources_UpdateSavedQuery_InvalidBody"
"","126","renders Zone as first tab and is also the initially selected on first render in Zone View/Tab","Selected Details Tabs","Mon Jan 26 21:58:54 UTC 2026","passed","Mon Jan 26 21:58:54 UTC 2026","","Selected Details Tabs - Params present","",""
"","1078","Explore URL Accounts for irregular characters in cypher query","Rule Form","Mon Jan 26 21:57:57 UTC 2026","passed","Mon Jan 26 21:57:58 UTC 2026","","","",""
"","1970","does not show the ""Disable MFA"" context menu option for users without MFA enabled","Users","Mon Jan 26 21:58:53 UTC 2026","passed","Mon Jan 26 21:58:55 UTC 2026","","","",""
"","18","displays a status label","StatusIndicator","Mon Jan 26 22:01:39 UTC 2026","passed","Mon Jan 26 22:01:39 UTC 2026","","","",""
"","805","should hide Environmental Targeted Access Control panel when showEnvironmentAccessControls prop is true and power user role is selected","CreateUserForm","Mon Jan 26 21:58:08 UTC 2026","passed","Mon Jan 26 21:58:09 UTC 2026","","","",""
"Test cases for TestResources_GetAssetGroup","0","TestResources_GetAssetGroup","","Mon Jan 26 21:56:55 UTC 2026","passed","Mon Jan 26 21:56:55 UTC 2026","","Go Test","github.com/specterops/bloodhound/cmd/api/src/api/v2/TestResources_GetAssetGroup","TestResources_GetAssetGroup"
"","59","should render a label and version number when expanded","MainNav","Mon Jan 26 21:58:13 UTC 2026","passed","Mon Jan 26 21:58:13 UTC 2026","","","",""
"","118","upon selecting a source node, updates the URL with a searchType of 'node' and primarySearch of the node's objectid","useNodeSearch","Mon Jan 26 22:00:52 UTC 2026","passed","Mon Jan 26 22:00:52 UTC 2026","","","",""
"","11","shows date placeholder if no hint is given","ManagedDatePicker - placeholders","Mon Jan 26 21:59:32 UTC 2026","passed","Mon Jan 26 21:59:32 UTC 2026","","","",""
"","11","should render when search string is in the middle of the text","HighlightedText","Mon Jan 26 22:01:03 UTC 2026","passed","Mon Jan 26 22:01:03 UTC 2026","","","",""
"","247","continue button is disabled when no SSO provider has been selected","LoginViaSSOForm","Mon Jan 26 22:00:10 UTC 2026","passed","Mon Jan 26 22:00:10 UTC 2026","","","",""
"","0","returns a function that does not update searchParams if a key is not found in the updatedParams","searchParams","Mon Jan 26 22:00:17 UTC 2026","passed","Mon Jan 26 22:00:17 UTC 2026","","setSingleParamFactory","",""
"","91","disables the JSON button if the JSON is empty","GraphControls","Mon Jan 26 21:58:15 UTC 2026","passed","Mon Jan 26 21:58:15 UTC 2026","","Exporting json","",""
"","377","should display a ""Change Password"" modal","UserProfile","Mon Jan 26 21:59:29 UTC 2026","passed","Mon Jan 26 21:59:29 UTC 2026","","""Reset Password"" button is clicked","",""
"","5","returns a function that can set arrays query params removes previous values set to that array query param","searchParams","Mon Jan 26 22:00:17 UTC 2026","passed","Mon Jan 26 22:00:17 UTC 2026","","setSingleParamFactory","",""
"Test cases for Test_filterNodesToSearchResult","0","Test_filterNodesToSearchResult","","Mon Jan 26 21:57:04 UTC 2026","passed","Mon Jan 26 21:57:04 UTC 2026","","Go Test","github.com/specterops/bloodhound/cmd/api/src/queries/Test_filterNodesToSearchResult","Test_filterNodesToSearchResult"
"","0","abbreviates thousands, millions, billions, trillions as expected","numberFormatting","Mon Jan 26 22:01:34 UTC 2026","passed","Mon Jan 26 22:01:34 UTC 2026","","","",""
"","129","should disable the create provider button and not display providers if the user lacks permission","SSOConfiguration","Mon Jan 26 21:58:32 UTC 2026","passed","Mon Jan 26 21:58:32 UTC 2026","","","",""
"","181","renders with a title","BloodHoundConfiguration","Mon Jan 26 22:02:56 UTC 2026","passed","Mon Jan 26 22:02:56 UTC 2026","","","",""
"Test cases for FuzzFoldlLazy","0","FuzzFoldlLazy","","Mon Jan 26 21:57:38 UTC 2026","passed","Mon Jan 26 21:57:38 UTC 2026","","Go Test","github.com/specterops/bloodhound/packages/go/slicesext/FuzzFoldlLazy","FuzzFoldlLazy"
"Test cases for TestResources_CreateSavedQuery_InvalidBody","0","TestResources_CreateSavedQuery_InvalidBody","","Mon Jan 26 21:56:55 UTC 2026","passed","Mon Jan 26 21:56:55 UTC 2026","","Go Test","github.com/specterops/bloodhound/cmd/api/src/api/v2/TestResources_CreateSavedQuery_InvalidBody","TestResources_CreateSavedQuery_InvalidBody"
"Test cases for TestManagementResource_OIDCCallbackHandler","6","TestManagementResource_OIDCCallbackHandler","","Mon Jan 26 21:57:43 UTC 2026","passed","Mon Jan 26 21:57:43 UTC 2026","","Go Test","github.com/specterops/bloodhound/cmd/api/src/api/v2/auth/TestManagementResource_OIDCCallbackHandler","TestManagementResource_OIDCCallbackHandler"
"","77","Calls the `Base` endpoint for a LocalUser type node","EntityObjectInformation","Mon Jan 26 21:59:36 UTC 2026","passed","Mon Jan 26 21:59:36 UTC 2026","","","",""
"","844","executes a primary search when only a source node is provided","Pathfinding: interaction","Mon Jan 26 21:59:02 UTC 2026","passed","Mon Jan 26 21:59:03 UTC 2026","","","",""
"","221","The API key management option should appear in profile page if the user is configured for SAML login","UserProfile with SSO User","Mon Jan 26 21:59:28 UTC 2026","passed","Mon Jan 26 21:59:28 UTC 2026","","","",""
"","1000","should call onSubmit with password when reset password button clicked","PasswordResetForm","Mon Jan 26 21:59:20 UTC 2026","passed","Mon Jan 26 21:59:21 UTC 2026","","","",""
"","2","isLoading returns as expected based on all queries combined","queriesAreLoadingOrErrored","Mon Jan 26 22:01:44 UTC 2026","passed","Mon Jan 26 22:01:44 UTC 2026","","","",""
"Test cases for TestCache_Set","0","TestCache_Set","","Mon Jan 26 21:57:22 UTC 2026","passed","Mon Jan 26 21:57:22 UTC 2026","","Go Test","github.com/specterops/bloodhound/packages/go/cache/TestCache_Set","TestCache_Set"
"Test cases for Test_GetAssetGroupMembersByTag","8","Test_GetAssetGroupMembersByTag","","Mon Jan 26 21:56:55 UTC 2026","passed","Mon Jan 26 21:56:55 UTC 2026","","Go Test","github.com/specterops/bloodhound/cmd/api/src/api/v2/Test_GetAssetGroupMembersByTag","Test_GetAssetGroupMembersByTag"
"","128","renders details for a selected rule and is of type ""Cypher""","DynamicDetails","Mon Jan 26 21:58:47 UTC 2026","passed","Mon Jan 26 21:58:47 UTC 2026","","","",""
"","134","renders count for a selected zone if prop is set","DynamicDetails","Mon Jan 26 21:58:47 UTC 2026","passed","Mon Jan 26 21:58:47 UTC 2026","","","",""
"","469","should display Environmental Targeted Access Control panel when showEnvironmentAccessControls prop is true and user role is selected","UpdateUserForm","Mon Jan 26 21:57:43 UTC 2026","passed","Mon Jan 26 21:57:44 UTC 2026","","","",""
"","353","fires delete when edit is clicked","ListItemActionMenu","Mon Jan 26 22:00:18 UTC 2026","passed","Mon Jan 26 22:00:18 UTC 2026","","","",""
"","341","navigates to rule details when clicking a rule row","RulesAccordion","Mon Jan 26 22:00:16 UTC 2026","passed","Mon Jan 26 22:00:16 UTC 2026","","","",""
"","0","Will ignore colons after the first and use them as part of the keyword search","Parsing the debounced input for type and keyword values","Mon Jan 26 21:59:49 UTC 2026","passed","Mon Jan 26 21:59:49 UTC 2026","","","",""
"Test cases for TestParseIntQueryParameter","60","TestParseIntQueryParameter","","Mon Jan 26 21:56:55 UTC 2026","passed","Mon Jan 26 21:56:55 UTC 2026","","Go Test","github.com/specterops/bloodhound/cmd/api/src/api/v2/TestParseIntQueryParameter","TestParseIntQueryParameter"
"","2040","should allow user to create new SAML provder and then display it in the table","SSOConfiguration","Mon Jan 26 21:58:30 UTC 2026","passed","Mon Jan 26 21:58:32 UTC 2026","","","",""
"","183","renders the Rule Tab content when Rule tab is chosen","Selected Details Tab Content","Mon Jan 26 22:00:58 UTC 2026","passed","Mon Jan 26 22:00:58 UTC 2026","","","",""
"","2","succeeds for valid password","testPassword","Mon Jan 26 22:01:46 UTC 2026","passed","Mon Jan 26 22:01:46 UTC 2026","","","",""
"","20","the ID value reflects the URL when it is available","usePZQueryParams","Mon Jan 26 21:59:52 UTC 2026","passed","Mon Jan 26 21:59:52 UTC 2026","","","",""
"Test cases for TestManagementResource_SSOLoginHandler","8","TestManagementResource_SSOLoginHandler","","Mon Jan 26 21:57:43 UTC 2026","passed","Mon Jan 26 21:57:43 UTC 2026","","Go Test","github.com/specterops/bloodhound/cmd/api/src/api/v2/auth/TestManagementResource_SSOLoginHandler","TestManagementResource_SSOLoginHandler"
"Test cases for TestManagementResource_GetSelf","0","TestManagementResource_GetSelf","","Mon Jan 26 21:57:17 UTC 2026","passed","Mon Jan 26 21:57:17 UTC 2026","","Go Test","github.com/specterops/bloodhound/cmd/api/src/api/v2/auth/TestManagementResource_GetSelf","TestManagementResource_GetSelf"
"Test cases for TestManagementResource_GetSAMLProvider","4","TestManagementResource_GetSAMLProvider","","Mon Jan 26 21:57:43 UTC 2026","passed","Mon Jan 26 21:57:43 UTC 2026","","Go Test","github.com/specterops/bloodhound/cmd/api/src/api/v2/auth/TestManagementResource_GetSAMLProvider","TestManagementResource_GetSAMLProvider"
"","263","sets a secondary=id and searchType=pathfinding when primary is truthy","ContextMenu","Mon Jan 26 22:02:23 UTC 2026","passed","Mon Jan 26 22:02:24 UTC 2026","","","",""
"","737","renders a button and a menu","CreateMenu","Mon Jan 26 21:58:35 UTC 2026","passed","Mon Jan 26 21:58:36 UTC 2026","","oidc_support feature flag enabled","",""
"","443","navigates to object details when clicking an object row","ObjectsAccordion","Mon Jan 26 22:00:46 UTC 2026","passed","Mon Jan 26 22:00:47 UTC 2026","","","",""
"","680","lists all available node kinds as options to filter by","AssetGroupEdit","Mon Jan 26 21:58:30 UTC 2026","passed","Mon Jan 26 21:58:31 UTC 2026","","Node Type dropdown filter","",""
"","20","should display a badge when role based filtering is true and show filter banner is true","EntityInfoPanel","Mon Jan 26 22:00:52 UTC 2026","passed","Mon Jan 26 22:00:52 UTC 2026","","","",""
"","252","handles creating a new label","Tag Form","Mon Jan 26 21:57:37 UTC 2026","passed","Mon Jan 26 21:57:37 UTC 2026","","","",""
"","381","when a search result is clicked it calls `handleNodeSelected`","ExploreSearchCombobox","Mon Jan 26 21:58:40 UTC 2026","passed","Mon Jan 26 21:58:40 UTC 2026","","","",""
"Test cases for TestResources_ProcessIngestTask","7","TestResources_ProcessIngestTask","","Mon Jan 26 21:56:55 UTC 2026","passed","Mon Jan 26 21:56:55 UTC 2026","","Go Test","github.com/specterops/bloodhound/cmd/api/src/api/v2/TestResources_ProcessIngestTask","TestResources_ProcessIngestTask"
"","52","indicates that filters are inactive","AssetGroupEdit","Mon Jan 26 21:58:30 UTC 2026","passed","Mon Jan 26 21:58:30 UTC 2026","","","",""
"","246","renders correctly with requiresCurrentPassword true","PasswordDialog","Mon Jan 26 21:57:53 UTC 2026","passed","Mon Jan 26 21:57:53 UTC 2026","","","",""
"","279","disables any available button toggles if the user lacks the permission","EarlyAccessFeatures","Mon Jan 26 22:02:34 UTC 2026","passed","Mon Jan 26 22:02:35 UTC 2026","","","",""
"Test cases for TestFormatDatabaseErrorNotFound","0","TestFormatDatabaseErrorNotFound","","Mon Jan 26 21:56:43 UTC 2026","passed","Mon Jan 26 21:56:43 UTC 2026","","Go Test","github.com/specterops/bloodhound/cmd/api/src/api/TestFormatDatabaseErrorNotFound","TestFormatDatabaseErrorNotFound"
"Test cases for TestResources_ListAuditLogs","0","TestResources_ListAuditLogs","","Mon Jan 26 21:56:55 UTC 2026","passed","Mon Jan 26 21:56:55 UTC 2026","","Go Test","github.com/specterops/bloodhound/cmd/api/src/api/v2/TestResources_ListAuditLogs","TestResources_ListAuditLogs"
"","0","returns paramValue as EnvironmentAggregation if paramValue is active-directory","useEnvironmentParams","Mon Jan 26 22:01:45 UTC 2026","passed","Mon Jan 26 22:01:45 UTC 2026","","parseEnvironmentAggregation","",""
"Test cases for TestResources_ShareSavedQueriesPermissions_CanUpdateSavedQueriesPermission","3","TestResources_ShareSavedQueriesPermissions_CanUpdateSavedQueriesPermission","","Mon Jan 26 21:56:55 UTC 2026","passed","Mon Jan 26 21:56:55 UTC 2026","","Go Test","github.com/specterops/bloodhound/cmd/api/src/api/v2/TestResources_ShareSavedQueriesPermissions_CanUpdateSavedQueriesPermission","TestResources_ShareSavedQueriesPermissions_CanUpdateSavedQueriesPermission"
"","417","does fires TagToZoneDialog when the Zone option is clicked","TagToZoneLabel","Mon Jan 26 21:57:45 UTC 2026","passed","Mon Jan 26 21:57:45 UTC 2026","","","",""
"","7","uses the discardQueryParams prop to discard all query params on the redirect","AppNavigate","Mon Jan 26 22:00:31 UTC 2026","passed","Mon Jan 26 22:00:31 UTC 2026","","","",""
"","7","Input contains an invalid type","Parsing the debounced input for type and keyword values","Mon Jan 26 21:59:49 UTC 2026","passed","Mon Jan 26 21:59:49 UTC 2026","","","",""
"Test cases for TestErrorReadDomainSIDandNameAsString","0","TestErrorReadDomainSIDandNameAsString","","Mon Jan 26 21:57:20 UTC 2026","passed","Mon Jan 26 21:57:20 UTC 2026","","Go Test","github.com/specterops/bloodhound/packages/go/analysis/ad/internal/nodeprops/TestErrorReadDomainSIDandNameAsString","TestErrorReadDomainSIDandNameAsString"
"Test cases for TestGetScheme","0","TestGetScheme","","Mon Jan 26 21:56:47 UTC 2026","passed","Mon Jan 26 21:56:47 UTC 2026","","Go Test","github.com/specterops/bloodhound/cmd/api/src/api/middleware/TestGetScheme","TestGetScheme"
"Test cases for TestManagementResource_ListPermissions_PredicateMismatchWithColumn","0","TestManagementResource_ListPermissions_PredicateMismatchWithColumn","","Mon Jan 26 21:57:02 UTC 2026","passed","Mon Jan 26 21:57:02 UTC 2026","","Go Test","github.com/specterops/bloodhound/cmd/api/src/api/v2/auth/TestManagementResource_ListPermissions_PredicateMismatchWithColumn","TestManagementResource_ListPermissions_PredicateMismatchWithColumn"
"Test cases for TestResources_DeleteSavedQuery_IDMalformed","0","TestResources_DeleteSavedQuery_IDMalformed","","Mon Jan 26 21:56:55 UTC 2026","passed","Mon Jan 26 21:56:55 UTC 2026","","Go Test","github.com/specterops/bloodhound/cmd/api/src/api/v2/TestResources_DeleteSavedQuery_IDMalformed","TestResources_DeleteSavedQuery_IDMalformed"
"Test cases for TestFetchTenants","0","TestFetchTenants","","Mon Jan 26 21:57:21 UTC 2026","passed","Mon Jan 26 21:57:21 UTC 2026","","Go Test","github.com/specterops/bloodhound/packages/go/analysis/azure/TestFetchTenants","TestFetchTenants"
"Test cases for TestResources_ListADDomainContainedGroups","1","TestResources_ListADDomainContainedGroups","","Mon Jan 26 21:56:55 UTC 2026","passed","Mon Jan 26 21:56:55 UTC 2026","","Go Test","github.com/specterops/bloodhound/cmd/api/src/api/v2/TestResources_ListADDomainContainedGroups","TestResources_ListADDomainContainedGroups"
"","1","will return a list of values","Formatting list properties","Mon Jan 26 21:58:44 UTC 2026","passed","Mon Jan 26 21:58:44 UTC 2026","","","",""
"","5","sets autoDisplayTable to false if query type is node","useExploreTableAutoDisplay","Mon Jan 26 22:00:44 UTC 2026","passed","Mon Jan 26 22:00:44 UTC 2026","","","",""
"","9","renders the LabelSelector when available and on a Label page","TagSelector","Mon Jan 26 21:59:58 UTC 2026","passed","Mon Jan 26 21:59:58 UTC 2026","","","",""
"Test cases for TestResources_ListAuditLogs_DBError","0","TestResources_ListAuditLogs_DBError","","Mon Jan 26 21:56:55 UTC 2026","passed","Mon Jan 26 21:56:55 UTC 2026","","Go Test","github.com/specterops/bloodhound/cmd/api/src/api/v2/TestResources_ListAuditLogs_DBError","TestResources_ListAuditLogs_DBError"
"","3","returns numbers as strings","numberFormatting","Mon Jan 26 22:01:34 UTC 2026","passed","Mon Jan 26 22:01:34 UTC 2026","","","",""
"","183","displays error if delete button is clicked when no checkbox is selected","DatabaseManagement","Mon Jan 26 22:02:22 UTC 2026","passed","Mon Jan 26 22:02:22 UTC 2026","","","",""
"Test cases for TestIsErrorResponse","0","TestIsErrorResponse","","Mon Jan 26 21:56:43 UTC 2026","passed","Mon Jan 26 21:56:43 UTC 2026","","Go Test","github.com/specterops/bloodhound/cmd/api/src/api/TestIsErrorResponse","TestIsErrorResponse"
"","277","should display correctly","ConfirmationDialog","Mon Jan 26 22:01:35 UTC 2026","passed","Mon Jan 26 22:01:35 UTC 2026","","","",""
"","88","should on clicking remove call clearSelectedItem","EntityInfoHeader","Mon Jan 26 22:00:05 UTC 2026","passed","Mon Jan 26 22:00:05 UTC 2026","","","",""
"","3","uses sequentialLayout by default","Explore utils","Mon Jan 26 22:02:25 UTC 2026","passed","Mon Jan 26 22:02:25 UTC 2026","","initGraph","",""
"Test cases for TestResources_ListADUserSessions","1","TestResources_ListADUserSessions","","Mon Jan 26 21:56:55 UTC 2026","passed","Mon Jan 26 21:56:55 UTC 2026","","Go Test","github.com/specterops/bloodhound/cmd/api/src/api/v2/TestResources_ListADUserSessions","TestResources_ListADUserSessions"
"Test cases for TestManagementResource_UpdateUser_DBError","1052","TestManagementResource_UpdateUser_DBError","","Mon Jan 26 21:57:16 UTC 2026","passed","Mon Jan 26 21:57:17 UTC 2026","","Go Test","github.com/specterops/bloodhound/cmd/api/src/api/v2/auth/TestManagementResource_UpdateUser_DBError","TestManagementResource_UpdateUser_DBError"
"","68","disables items via itemDisabled and hides the chevron icon visually","<DetailsAccordion />","Mon Jan 26 21:58:22 UTC 2026","passed","Mon Jan 26 21:58:22 UTC 2026","","","",""
"","18","displays CaretDown icon when the sortOrder is desc","ColumnHeaders","Mon Jan 26 22:00:47 UTC 2026","passed","Mon Jan 26 22:00:47 UTC 2026","","SortableHeader","",""
"","1","does not add optional filters if not present","createHistoryParams","Mon Jan 26 22:00:49 UTC 2026","passed","Mon Jan 26 22:00:49 UTC 2026","","","",""
"","16","when password is not expired no redirect occurs","AuthenticatedRoute","Mon Jan 26 22:02:42 UTC 2026","passed","Mon Jan 26 22:02:42 UTC 2026","","","",""
"Test cases for TestGC_Start","1002","TestGC_Start","","Mon Jan 26 21:57:00 UTC 2026","passed","Mon Jan 26 21:57:01 UTC 2026","","Go Test","github.com/specterops/bloodhound/cmd/api/src/daemons/gc/TestGC_Start","TestGC_Start"
"","272","displays a Filters button","FileIngest","Mon Jan 26 22:00:57 UTC 2026","passed","Mon Jan 26 22:00:57 UTC 2026","","","",""
"","6","sets autoDisplayTable to false if query type is relationship","useExploreTableAutoDisplay","Mon Jan 26 22:00:44 UTC 2026","passed","Mon Jan 26 22:00:44 UTC 2026","","","",""
"Test cases for TestManagementResource_ListRoles_InvalidFilterPredicate","0","TestManagementResource_ListRoles_InvalidFilterPredicate","","Mon Jan 26 21:57:02 UTC 2026","passed","Mon Jan 26 21:57:02 UTC 2026","","Go Test","github.com/specterops/bloodhound/cmd/api/src/api/v2/auth/TestManagementResource_ListRoles_InvalidFilterPredicate","TestManagementResource_ListRoles_InvalidFilterPredicate"
"","62","returns true when nodes are available","useGraphHasData","Mon Jan 26 22:01:15 UTC 2026","passed","Mon Jan 26 22:01:15 UTC 2026","","","",""
"","739","sets the selectedItem param and closes popper when a node is selected","GraphControls","Mon Jan 26 21:58:16 UTC 2026","passed","Mon Jan 26 21:58:16 UTC 2026","","Searching current results","",""
"Test cases for TestParseLimitQueryParameter_BadFormat","0","TestParseLimitQueryParameter_BadFormat","","Mon Jan 26 21:56:55 UTC 2026","passed","Mon Jan 26 21:56:55 UTC 2026","","Go Test","github.com/specterops/bloodhound/cmd/api/src/api/v2/TestParseLimitQueryParameter_BadFormat","TestParseLimitQueryParameter_BadFormat"
"","234","sets secondarySearch=id and searchType=node when primarySearch is falsey","ContextMenu","Mon Jan 26 21:58:22 UTC 2026","passed","Mon Jan 26 21:58:23 UTC 2026","","","",""
"","25","selector members refetches on envrionment change","the useAssetGroupTags utilities","Mon Jan 26 21:58:25 UTC 2026","passed","Mon Jan 26 21:58:25 UTC 2026","","","",""
"","219","should display a toggle switch to enable multi-factor authentication","UserProfile","Mon Jan 26 21:59:29 UTC 2026","passed","Mon Jan 26 21:59:30 UTC 2026","","","",""
"","392","calls setFilters when the Confirm button is clicked","Privilege Zones History Filter Dialog","Mon Jan 26 21:59:15 UTC 2026","passed","Mon Jan 26 21:59:16 UTC 2026","","","",""
"Test cases for TestTimeExactEqual","1","TestTimeExactEqual","","Mon Jan 26 21:57:01 UTC 2026","passed","Mon Jan 26 21:57:01 UTC 2026","","Go Test","github.com/specterops/bloodhound/cmd/api/src/database/types/null/TestTimeExactEqual","TestTimeExactEqual"
"Test cases for Test_filterNodesToSearchResult_filterEnvironmentsEmpty","0","Test_filterNodesToSearchResult_filterEnvironmentsEmpty","","Mon Jan 26 21:57:04 UTC 2026","passed","Mon Jan 26 21:57:04 UTC 2026","","Go Test","github.com/specterops/bloodhound/cmd/api/src/queries/Test_filterNodesToSearchResult_filterEnvironmentsEmpty","Test_filterNodesToSearchResult_filterEnvironmentsEmpty"
"","0","returns the difference between the node and the position","getNodeOffset","Mon Jan 26 22:02:51 UTC 2026","passed","Mon Jan 26 22:02:51 UTC 2026","","","",""
"","186","calls the onReset prop when the crop button is clicked","GraphControls","Mon Jan 26 21:58:12 UTC 2026","passed","Mon Jan 26 21:58:12 UTC 2026","","Resetting graph","",""
"Test cases for TestRoleAssignments_UsersWithoutRoles","0","TestRoleAssignments_UsersWithoutRoles","","Mon Jan 26 21:57:21 UTC 2026","passed","Mon Jan 26 21:57:21 UTC 2026","","Go Test","github.com/specterops/bloodhound/packages/go/analysis/azure/TestRoleAssignments_UsersWithoutRoles","TestRoleAssignments_UsersWithoutRoles"
"Test cases for TestParseKind","1","TestParseKind","","Mon Jan 26 21:57:18 UTC 2026","passed","Mon Jan 26 21:57:18 UTC 2026","","Go Test","github.com/specterops/bloodhound/packages/go/analysis/TestParseKind","TestParseKind"
"","715","displays a Upload Files button","FileIngest","Mon Jan 26 22:00:56 UTC 2026","passed","Mon Jan 26 22:00:57 UTC 2026","","","",""
"","201","renders","EarlyAccessFeatureToggle","Mon Jan 26 22:02:48 UTC 2026","passed","Mon Jan 26 22:02:48 UTC 2026","","","",""
"","503","triggers a file download when a download button is clicked","DownloadCollectors","Mon Jan 26 22:02:14 UTC 2026","passed","Mon Jan 26 22:02:15 UTC 2026","","","",""
"Test cases for TestManagementResource_UpdateOIDCProvider","1","TestManagementResource_UpdateOIDCProvider","","Mon Jan 26 21:57:43 UTC 2026","passed","Mon Jan 26 21:57:43 UTC 2026","","Go Test","github.com/specterops/bloodhound/cmd/api/src/api/v2/auth/TestManagementResource_UpdateOIDCProvider","TestManagementResource_UpdateOIDCProvider"
"Test cases for Test_GetApplicationConfigurations","0","Test_GetApplicationConfigurations","","Mon Jan 26 21:56:55 UTC 2026","passed","Mon Jan 26 21:56:55 UTC 2026","","Go Test","github.com/specterops/bloodhound/cmd/api/src/api/v2/Test_GetApplicationConfigurations","Test_GetApplicationConfigurations"
"","7","does not return when zone limit is not reached","useTagLimits","Mon Jan 26 21:58:01 UTC 2026","passed","Mon Jan 26 21:58:01 UTC 2026","","","",""
"Test cases for TestAuditLogin","1","TestAuditLogin","","Mon Jan 26 21:56:42 UTC 2026","passed","Mon Jan 26 21:56:42 UTC 2026","","Go Test","github.com/specterops/bloodhound/cmd/api/src/api/TestAuditLogin","TestAuditLogin"
"","12","when there is no ID in the URL and no tags available, no ID is returned (it is undefined)","usePZQueryParams","Mon Jan 26 21:59:52 UTC 2026","passed","Mon Jan 26 21:59:52 UTC 2026","","","",""
"","132","does not make feature-flag request if user is not fully authenticated","app","Mon Jan 26 22:02:42 UTC 2026","passed","Mon Jan 26 22:02:42 UTC 2026","","<Inner />","",""
"","1","determines glyphs with the tier_managent_engine feature flag enabled","getNodeGlyphs","Mon Jan 26 22:02:25 UTC 2026","passed","Mon Jan 26 22:02:25 UTC 2026","","","",""
"","135","calls onCancel when cancel button clicked","EarlyAccessFeaturesWarningDialog","Mon Jan 26 22:02:54 UTC 2026","passed","Mon Jan 26 22:02:55 UTC 2026","","","",""
"Test cases for TestParseClientVersion","0","TestParseClientVersion","","Mon Jan 26 21:57:17 UTC 2026","passed","Mon Jan 26 21:57:17 UTC 2026","","Go Test","github.com/specterops/bloodhound/cmd/api/src/utils/TestParseClientVersion","TestParseClientVersion"
"Test cases for TestCreateUser_ETAC","5102","TestCreateUser_ETAC","","Mon Jan 26 21:57:04 UTC 2026","passed","Mon Jan 26 21:57:09 UTC 2026","","Go Test","github.com/specterops/bloodhound/cmd/api/src/api/v2/auth/TestCreateUser_ETAC","TestCreateUser_ETAC"
"Test cases for TestResources_GetDatabaseCompleteness","81","TestResources_GetDatabaseCompleteness","","Mon Jan 26 21:56:55 UTC 2026","passed","Mon Jan 26 21:56:55 UTC 2026","","Go Test","github.com/specterops/bloodhound/cmd/api/src/api/v2/TestResources_GetDatabaseCompleteness","TestResources_GetDatabaseCompleteness"
"Test cases for TestResources_UpdateSavedQuery_Admin_NonPublicQuery","0","TestResources_UpdateSavedQuery_Admin_NonPublicQuery","","Mon Jan 26 21:56:55 UTC 2026","passed","Mon Jan 26 21:56:55 UTC 2026","","Go Test","github.com/specterops/bloodhound/cmd/api/src/api/v2/TestResources_UpdateSavedQuery_Admin_NonPublicQuery","TestResources_UpdateSavedQuery_Admin_NonPublicQuery"
"Test cases for TestResources_ListADDomainForeignUsers","1","TestResources_ListADDomainForeignUsers","","Mon Jan 26 21:56:55 UTC 2026","passed","Mon Jan 26 21:56:55 UTC 2026","","Go Test","github.com/specterops/bloodhound/cmd/api/src/api/v2/TestResources_ListADDomainForeignUsers","TestResources_ListADDomainForeignUsers"
"Test cases for TestIsValidClientVersion","0","TestIsValidClientVersion","","Mon Jan 26 21:57:17 UTC 2026","passed","Mon Jan 26 21:57:17 UTC 2026","","Go Test","github.com/specterops/bloodhound/cmd/api/src/utils/TestIsValidClientVersion","TestIsValidClientVersion"
"Test cases for TestMarshalInt64","0","TestMarshalInt64","","Mon Jan 26 21:57:01 UTC 2026","passed","Mon Jan 26 21:57:01 UTC 2026","","Go Test","github.com/specterops/bloodhound/cmd/api/src/database/types/null/TestMarshalInt64","TestMarshalInt64"
"Test cases for TestManagementResource_ListPermissions_SortingError","0","TestManagementResource_ListPermissions_SortingError","","Mon Jan 26 21:57:02 UTC 2026","passed","Mon Jan 26 21:57:02 UTC 2026","","Go Test","github.com/specterops/bloodhound/cmd/api/src/api/v2/auth/TestManagementResource_ListPermissions_SortingError","TestManagementResource_ListPermissions_SortingError"
"Test cases for TestParseSkipQueryParameter_BadFormat","0","TestParseSkipQueryParameter_BadFormat","","Mon Jan 26 21:56:55 UTC 2026","passed","Mon Jan 26 21:56:55 UTC 2026","","Go Test","github.com/specterops/bloodhound/cmd/api/src/api/v2/TestParseSkipQueryParameter_BadFormat","TestParseSkipQueryParameter_BadFormat"
"","0","should return false when there is no match","OperationsFilterPlugin","Mon Jan 26 22:01:50 UTC 2026","passed","Mon Jan 26 22:01:50 UTC 2026","","","",""
"","309","Trying to view the edge info does not crash the app when selecting an unrecognized edge","EdgeInfoContent","Mon Jan 26 21:57:50 UTC 2026","passed","Mon Jan 26 21:57:50 UTC 2026","","","",""
"","99","displays active styles for the selected layout when explore table is enabled","GraphControls","Mon Jan 26 21:58:14 UTC 2026","passed","Mon Jan 26 21:58:15 UTC 2026","","Selecting a layout","",""
"Test cases for TestMaybeSubmitRelationshipUpdate","0","TestMaybeSubmitRelationshipUpdate","","Mon Jan 26 21:57:07 UTC 2026","passed","Mon Jan 26 21:57:07 UTC 2026","","Go Test","github.com/specterops/bloodhound/cmd/api/src/services/graphify/TestMaybeSubmitRelationshipUpdate","TestMaybeSubmitRelationshipUpdate"
"Test cases for TestBoolEqual","0","TestBoolEqual","","Mon Jan 26 21:57:01 UTC 2026","passed","Mon Jan 26 21:57:01 UTC 2026","","Go Test","github.com/specterops/bloodhound/cmd/api/src/database/types/null/TestBoolEqual","TestBoolEqual"
"","336","sets exploreSearchTab param to pathfinding when the user clicks the `pathfinding` tab","ExploreSearch sets searchType on tab changing","Mon Jan 26 22:02:15 UTC 2026","passed","Mon Jan 26 22:02:16 UTC 2026","","","",""
"Test cases for TestParseOptionalBool","0","TestParseOptionalBool","","Mon Jan 26 21:56:42 UTC 2026","passed","Mon Jan 26 21:56:42 UTC 2026","","Go Test","github.com/specterops/bloodhound/cmd/api/src/api/TestParseOptionalBool","TestParseOptionalBool"
"","19","should display a message to select an object","EntityInfoPanel","Mon Jan 26 22:00:52 UTC 2026","passed","Mon Jan 26 22:00:52 UTC 2026","","","",""
"","12","should not render if open === false","ConfirmUpdateQueryDialog","Mon Jan 26 22:01:25 UTC 2026","passed","Mon Jan 26 22:01:25 UTC 2026","","","",""
"","10","sets autoDisplayTable to false if query returns no results","useExploreTableAutoDisplay","Mon Jan 26 22:00:44 UTC 2026","passed","Mon Jan 26 22:00:44 UTC 2026","","","",""
"","2","reports when API error response has errors array","handleError","Mon Jan 26 22:00:20 UTC 2026","passed","Mon Jan 26 22:00:20 UTC 2026","","","",""
"","7","can composes search params from the search prop and use them in the redirect","AppNavigate","Mon Jan 26 22:00:31 UTC 2026","passed","Mon Jan 26 22:00:31 UTC 2026","","","",""
"Test cases for TestManagementResource_GetUser","25980","TestManagementResource_GetUser","","Mon Jan 26 21:57:17 UTC 2026","passed","Mon Jan 26 21:57:43 UTC 2026","","Go Test","github.com/specterops/bloodhound/cmd/api/src/api/v2/auth/TestManagementResource_GetUser","TestManagementResource_GetUser"
"","9","removes key from state","useObjectState","Mon Jan 26 22:01:12 UTC 2026","passed","Mon Jan 26 22:01:12 UTC 2026","","","",""
"Test cases for TestResources_ListADDomainContainedComputers","0","TestResources_ListADDomainContainedComputers","","Mon Jan 26 21:56:55 UTC 2026","passed","Mon Jan 26 21:56:55 UTC 2026","","Go Test","github.com/specterops/bloodhound/cmd/api/src/api/v2/TestResources_ListADDomainContainedComputers","TestResources_ListADDomainContainedComputers"
"","0","returns disabled config when any required param is falsey","useExploreGraph","Mon Jan 26 21:59:08 UTC 2026","passed","Mon Jan 26 21:59:08 UTC 2026","composition search queries","exploreGraphQueryFactory","",""
"Test cases for TestResources_GetAssetGroupSelectorMemberCountsByKind","0","TestResources_GetAssetGroupSelectorMemberCountsByKind","","Mon Jan 26 21:56:55 UTC 2026","passed","Mon Jan 26 21:56:55 UTC 2026","","Go Test","github.com/specterops/bloodhound/cmd/api/src/api/v2/TestResources_GetAssetGroupSelectorMemberCountsByKind","TestResources_GetAssetGroupSelectorMemberCountsByKind"
"","78","shows the direct object list and expanded object list empty, when only direct objects in results","Seed Selection Results","Mon Jan 26 21:58:21 UTC 2026","passed","Mon Jan 26 21:58:21 UTC 2026","","","",""
"Test cases for TestResources_CreateSavedQuery_NotAUserAuth","0","TestResources_CreateSavedQuery_NotAUserAuth","","Mon Jan 26 21:56:55 UTC 2026","passed","Mon Jan 26 21:56:55 UTC 2026","","Go Test","github.com/specterops/bloodhound/cmd/api/src/api/v2/TestResources_CreateSavedQuery_NotAUserAuth","TestResources_CreateSavedQuery_NotAUserAuth"
"","1371","handles posting a mutation","DatabaseManagement","Mon Jan 26 22:02:24 UTC 2026","passed","Mon Jan 26 22:02:25 UTC 2026","","","",""
"","46","returns when zone limit is reached","useTagLimits","Mon Jan 26 21:58:01 UTC 2026","passed","Mon Jan 26 21:58:01 UTC 2026","","","",""
"Test cases for TestManagementResource_GetAZEntity","98","TestManagementResource_GetAZEntity","","Mon Jan 26 21:56:55 UTC 2026","passed","Mon Jan 26 21:56:55 UTC 2026","","Go Test","github.com/specterops/bloodhound/cmd/api/src/api/v2/TestManagementResource_GetAZEntity","TestManagementResource_GetAZEntity"
"","96","temporarily displays the checkmark icon after clicking copy","ExploreTableDataCell","Mon Jan 26 22:01:05 UTC 2026","passed","Mon Jan 26 22:01:05 UTC 2026","","","",""
"Test cases for TestManagementResource_ListRoles","0","TestManagementResource_ListRoles","","Mon Jan 26 21:57:02 UTC 2026","passed","Mon Jan 26 21:57:02 UTC 2026","","Go Test","github.com/specterops/bloodhound/cmd/api/src/api/v2/auth/TestManagementResource_ListRoles","TestManagementResource_ListRoles"
"Test cases for TestDomainSelectors_GetValidFilterPredicatesAsStrings","0","TestDomainSelectors_GetValidFilterPredicatesAsStrings","","Mon Jan 26 21:57:02 UTC 2026","passed","Mon Jan 26 21:57:02 UTC 2026","","Go Test","github.com/specterops/bloodhound/cmd/api/src/model/TestDomainSelectors_GetValidFilterPredicatesAsStrings","TestDomainSelectors_GetValidFilterPredicatesAsStrings"
"","115","upon selecting just a source node, updates the URL with a searchType of 'node' and primarySearch of the node's objectid","usePathfindingSearch","Mon Jan 26 21:59:24 UTC 2026","passed","Mon Jan 26 21:59:25 UTC 2026","","","",""
"Test cases for TestConvertContainerToNode_InheritanceHashes","0","TestConvertContainerToNode_InheritanceHashes","","Mon Jan 26 21:57:23 UTC 2026","passed","Mon Jan 26 21:57:23 UTC 2026","","Go Test","github.com/specterops/bloodhound/packages/go/ein/TestConvertContainerToNode_InheritanceHashes","TestConvertContainerToNode_InheritanceHashes"
"","154","a null response from the server is handled","ExploreSearchCombobox with null response","Mon Jan 26 21:58:41 UTC 2026","passed","Mon Jan 26 21:58:41 UTC 2026","","","",""
"Test cases for TestSupportsETACMiddleware","1","TestSupportsETACMiddleware","","Mon Jan 26 21:56:47 UTC 2026","passed","Mon Jan 26 21:56:47 UTC 2026","","Go Test","github.com/specterops/bloodhound/cmd/api/src/api/middleware/TestSupportsETACMiddleware","TestSupportsETACMiddleware"
"","263","The reset password and two-factor authentication options should not appear in profile page if the user is configured for SAML login","UserProfile with SSO User","Mon Jan 26 21:59:28 UTC 2026","passed","Mon Jan 26 21:59:28 UTC 2026","","","",""
"Test cases for TestSavedQueries_IsSortable","0","TestSavedQueries_IsSortable","","Mon Jan 26 21:57:02 UTC 2026","passed","Mon Jan 26 21:57:02 UTC 2026","","Go Test","github.com/specterops/bloodhound/cmd/api/src/model/TestSavedQueries_IsSortable","TestSavedQueries_IsSortable"
"","3180","Typing in the search bar filters the results","ExploreTable","Mon Jan 26 21:57:33 UTC 2026","passed","Mon Jan 26 21:57:37 UTC 2026","","","",""
"Test cases for TestSelfDestructingTempFile","0","TestSelfDestructingTempFile","","Mon Jan 26 21:56:43 UTC 2026","passed","Mon Jan 26 21:56:43 UTC 2026","","Go Test","github.com/specterops/bloodhound/cmd/api/src/api/TestSelfDestructingTempFile","TestSelfDestructingTempFile"
"","22","should display the checkbox group title","Checkbox group","Mon Jan 26 22:01:33 UTC 2026","passed","Mon Jan 26 22:01:33 UTC 2026","","","",""
"","125","Should display headers for member name and count","AssetGroupMemberList","Mon Jan 26 22:01:02 UTC 2026","passed","Mon Jan 26 22:01:03 UTC 2026","","","",""
"","43","when `selectedItem` is provided, the combobox displays the icon","icon rendering","Mon Jan 26 21:58:40 UTC 2026","passed","Mon Jan 26 21:58:41 UTC 2026","","","",""
"","230","shows some checked boxes","SourceKindsCheckboxes","Mon Jan 26 21:59:06 UTC 2026","passed","Mon Jan 26 21:59:06 UTC 2026","","","",""
"Test cases for TestParseVersion","0","TestParseVersion","","Mon Jan 26 21:57:18 UTC 2026","passed","Mon Jan 26 21:57:18 UTC 2026","","Go Test","github.com/specterops/bloodhound/cmd/api/src/version/TestParseVersion","TestParseVersion"
"","100","shows View in Explore if exploreUrl is supplied","Seed Selection Results","Mon Jan 26 21:58:21 UTC 2026","passed","Mon Jan 26 21:58:21 UTC 2026","","","",""
"","267","sets a primarySearch=id and searchType=pathfinding when secondarySearch is truthy","ContextMenu","Mon Jan 26 22:02:23 UTC 2026","passed","Mon Jan 26 22:02:23 UTC 2026","","","",""
"","255","AZRole information panel will not display a section for PIM Assignments","EntityInfoContent","Mon Jan 26 21:59:36 UTC 2026","passed","Mon Jan 26 21:59:36 UTC 2026","","","",""
"","382","should render","OneTimePasscodeForm","Mon Jan 26 22:01:01 UTC 2026","passed","Mon Jan 26 22:01:01 UTC 2026","","","",""
"Test cases for TestManagementResource_SAMLLoginHandler","10","TestManagementResource_SAMLLoginHandler","","Mon Jan 26 21:57:43 UTC 2026","passed","Mon Jan 26 21:57:43 UTC 2026","","Go Test","github.com/specterops/bloodhound/cmd/api/src/api/v2/auth/TestManagementResource_SAMLLoginHandler","TestManagementResource_SAMLLoginHandler"
"Test cases for TestArgon2Digest_Validate","8","TestArgon2Digest_Validate","","Mon Jan 26 21:57:23 UTC 2026","passed","Mon Jan 26 21:57:23 UTC 2026","","Go Test","github.com/specterops/bloodhound/packages/go/crypto/TestArgon2Digest_Validate","TestArgon2Digest_Validate"
"","384","displays default text for domain selector when globalDomain is null","GroupManagement","Mon Jan 26 22:02:31 UTC 2026","passed","Mon Jan 26 22:02:32 UTC 2026","","","",""
"Test cases for TestResources_ListAuditLogs_InvalidColumn","0","TestResources_ListAuditLogs_InvalidColumn","","Mon Jan 26 21:56:55 UTC 2026","passed","Mon Jan 26 21:56:55 UTC 2026","","Go Test","github.com/specterops/bloodhound/cmd/api/src/api/v2/TestResources_ListAuditLogs_InvalidColumn","TestResources_ListAuditLogs_InvalidColumn"
"Test cases for TestQueries_BuildEntityQueryParams_MissingObjectID","0","TestQueries_BuildEntityQueryParams_MissingObjectID","","Mon Jan 26 21:57:04 UTC 2026","passed","Mon Jan 26 21:57:04 UTC 2026","","Go Test","github.com/specterops/bloodhound/cmd/api/src/queries/TestQueries_BuildEntityQueryParams_MissingObjectID","TestQueries_BuildEntityQueryParams_MissingObjectID"
"Test cases for TestCreateUser_Success","937","TestCreateUser_Success","","Mon Jan 26 21:57:03 UTC 2026","passed","Mon Jan 26 21:57:04 UTC 2026","","Go Test","github.com/specterops/bloodhound/cmd/api/src/api/v2/auth/TestCreateUser_Success","TestCreateUser_Success"
"","0","abbreviates numbers larger than 1000 and should not round the tenth place digit","numberFormatting","Mon Jan 26 22:01:34 UTC 2026","passed","Mon Jan 26 22:01:34 UTC 2026","","","",""
"Test cases for TestManagementResource_ListUsers_DBError","0","TestManagementResource_ListUsers_DBError","","Mon Jan 26 21:57:02 UTC 2026","passed","Mon Jan 26 21:57:02 UTC 2026","","Go Test","github.com/specterops/bloodhound/cmd/api/src/api/v2/auth/TestManagementResource_ListUsers_DBError","TestManagementResource_ListUsers_DBError"
"","505","should display Environmental Targeted Access Control panel when showEnvironmentAccessControls prop is true and user role is selected","CreateUserForm","Mon Jan 26 21:58:07 UTC 2026","passed","Mon Jan 26 21:58:08 UTC 2026","","","",""
"Test cases for TestResources_UpdateSavedQuery_OwnPrivateQuery_Success","0","TestResources_UpdateSavedQuery_OwnPrivateQuery_Success","","Mon Jan 26 21:56:55 UTC 2026","passed","Mon Jan 26 21:56:55 UTC 2026","","Go Test","github.com/specterops/bloodhound/cmd/api/src/api/v2/TestResources_UpdateSavedQuery_OwnPrivateQuery_Success","TestResources_UpdateSavedQuery_OwnPrivateQuery_Success"
"","92","invokes handleFilterChange with eq:true when clicked and custom_member filter is off","AssetGroupEdit","Mon Jan 26 21:58:32 UTC 2026","passed","Mon Jan 26 21:58:32 UTC 2026","","Custom Member checkbox filter","",""
"Test cases for TestParseOptionalBoolMisspelledValue","0","TestParseOptionalBoolMisspelledValue","","Mon Jan 26 21:56:42 UTC 2026","passed","Mon Jan 26 21:56:42 UTC 2026","","Go Test","github.com/specterops/bloodhound/cmd/api/src/api/TestParseOptionalBoolMisspelledValue","TestParseOptionalBoolMisspelledValue"
"Test cases for TestResources_DeleteSavedQuery_RecordNotFound","0","TestResources_DeleteSavedQuery_RecordNotFound","","Mon Jan 26 21:56:55 UTC 2026","passed","Mon Jan 26 21:56:55 UTC 2026","","Go Test","github.com/specterops/bloodhound/cmd/api/src/api/v2/TestResources_DeleteSavedQuery_RecordNotFound","TestResources_DeleteSavedQuery_RecordNotFound"
"","169","displays Force Password Reset checkbox when showNeedsPasswordReset is true","PasswordDialog","Mon Jan 26 21:57:53 UTC 2026","passed","Mon Jan 26 21:57:53 UTC 2026","","","",""
"Test cases for TestManagementResource_ListSAMLProviders","4","TestManagementResource_ListSAMLProviders","","Mon Jan 26 21:57:43 UTC 2026","passed","Mon Jan 26 21:57:43 UTC 2026","","Go Test","github.com/specterops/bloodhound/cmd/api/src/api/v2/auth/TestManagementResource_ListSAMLProviders","TestManagementResource_ListSAMLProviders"
"","108","renders the analysis toggle when multi tier analysis enabled is true and when editing an existing zone","Tag Form","Mon Jan 26 21:57:35 UTC 2026","passed","Mon Jan 26 21:57:36 UTC 2026","","","",""
"","6","safely handles removing nonexistent key","useObjectState","Mon Jan 26 22:01:12 UTC 2026","passed","Mon Jan 26 22:01:12 UTC 2026","","","",""
"","0","The node radius is adjusted for nodes that have their ""highlighted"" property set to true since the highlight adds some padding","getNodeRadius","Mon Jan 26 22:02:45 UTC 2026","passed","Mon Jan 26 22:02:45 UTC 2026","","","",""
"Test cases for TestAddOrderByToNeo4jQuery_WithOrderByClause","0","TestAddOrderByToNeo4jQuery_WithOrderByClause","","Mon Jan 26 21:56:55 UTC 2026","passed","Mon Jan 26 21:56:55 UTC 2026","","Go Test","github.com/specterops/bloodhound/cmd/api/src/api/v2/TestAddOrderByToNeo4jQuery_WithOrderByClause","TestAddOrderByToNeo4jQuery_WithOrderByClause"
"Test cases for TestMap","0","TestMap","","Mon Jan 26 21:57:25 UTC 2026","passed","Mon Jan 26 21:57:25 UTC 2026","","Go Test","github.com/specterops/bloodhound/packages/go/lab/internal/TestMap","TestMap"
"Test cases for TestManagementResource_ListPermissions","0","TestManagementResource_ListPermissions","","Mon Jan 26 21:57:02 UTC 2026","passed","Mon Jan 26 21:57:02 UTC 2026","","Go Test","github.com/specterops/bloodhound/cmd/api/src/api/v2/auth/TestManagementResource_ListPermissions","TestManagementResource_ListPermissions"
"Test cases for TestFormatDatabaseError","0","TestFormatDatabaseError","","Mon Jan 26 21:56:43 UTC 2026","passed","Mon Jan 26 21:56:43 UTC 2026","","Go Test","github.com/specterops/bloodhound/cmd/api/src/api/TestFormatDatabaseError","TestFormatDatabaseError"
"","222","displays validation error messages when Save button is clicked and no form input is provided","PasswordDialog","Mon Jan 26 21:57:53 UTC 2026","passed","Mon Jan 26 21:57:54 UTC 2026","","","",""
"","9","takes a string and copys to the navigator clipboard","copyToClipboard","Mon Jan 26 22:01:54 UTC 2026","passed","Mon Jan 26 22:01:54 UTC 2026","","","",""
"","655","should call onSave when Save button is clicked and form input is valid","UpdateUserDialog","Mon Jan 26 21:58:04 UTC 2026","passed","Mon Jan 26 21:58:04 UTC 2026","","","",""
"Test cases for TestDomainSelectors_TestIsSortable","0","TestDomainSelectors_TestIsSortable","","Mon Jan 26 21:57:02 UTC 2026","passed","Mon Jan 26 21:57:02 UTC 2026","","Go Test","github.com/specterops/bloodhound/cmd/api/src/model/TestDomainSelectors_TestIsSortable","TestDomainSelectors_TestIsSortable"
"Copyright 2021 The Go Authors. All rights reserved.TestConcat was ripped from go1.22 source and should be replaced with the stdlib implementation when we move to 1.22Original source: https:","1","TestConcat","","Mon Jan 26 21:57:38 UTC 2026","passed","Mon Jan 26 21:57:38 UTC 2026","","Go Test","github.com/specterops/bloodhound/packages/go/slicesext/TestConcat","TestConcat"
"Test cases for TestManagementResource_ListUsers_PredicateMismatchWithColumn","0","TestManagementResource_ListUsers_PredicateMismatchWithColumn","","Mon Jan 26 21:57:02 UTC 2026","passed","Mon Jan 26 21:57:02 UTC 2026","","Go Test","github.com/specterops/bloodhound/cmd/api/src/api/v2/auth/TestManagementResource_ListUsers_PredicateMismatchWithColumn","TestManagementResource_ListUsers_PredicateMismatchWithColumn"
"","224","renders the component with all info and switch off","CitrixRDPConfiguration","Mon Jan 26 21:58:36 UTC 2026","passed","Mon Jan 26 21:58:36 UTC 2026","","Initial render","",""
"","374","should not allow leading or trailing empty spaces","UpdateUserForm","Mon Jan 26 21:57:43 UTC 2026","passed","Mon Jan 26 21:57:43 UTC 2026","","","",""
"","63","correctly handles the hygiene ID with value 0 by not omitting it in the params value even though 0 is falsey","usePZQueryParams","Mon Jan 26 21:59:52 UTC 2026","passed","Mon Jan 26 21:59:52 UTC 2026","","","",""
"Test cases for Test_NewSpec","0","Test_NewSpec","","Mon Jan 26 21:57:24 UTC 2026","passed","Mon Jan 26 21:57:24 UTC 2026","","Go Test","github.com/specterops/bloodhound/packages/go/lab/Test_NewSpec","Test_NewSpec"
"Test cases for TestJSONFloat_UnmarshalJSON_NaN","0","TestJSONFloat_UnmarshalJSON_NaN","","Mon Jan 26 21:57:01 UTC 2026","passed","Mon Jan 26 21:57:01 UTC 2026","","Go Test","github.com/specterops/bloodhound/cmd/api/src/database/types/nan/TestJSONFloat_UnmarshalJSON_NaN","TestJSONFloat_UnmarshalJSON_NaN"
"","214","should render action list item that handles a function","MainNav","Mon Jan 26 21:58:12 UTC 2026","passed","Mon Jan 26 21:58:13 UTC 2026","","","",""
"Test cases for Test_SetNodeProperties","0","Test_SetNodeProperties","","Mon Jan 26 21:56:55 UTC 2026","passed","Mon Jan 26 21:56:55 UTC 2026","","Go Test","github.com/specterops/bloodhound/cmd/api/src/api/v2/Test_SetNodeProperties","Test_SetNodeProperties"
"Test cases for TestResources_DeleteSavedQuery_DeleteError","0","TestResources_DeleteSavedQuery_DeleteError","","Mon Jan 26 21:56:55 UTC 2026","passed","Mon Jan 26 21:56:55 UTC 2026","","Go Test","github.com/specterops/bloodhound/cmd/api/src/api/v2/TestResources_DeleteSavedQuery_DeleteError","TestResources_DeleteSavedQuery_DeleteError"
"","798","renders an edit form for the selected asset group when a user has graph write permissions","GroupManagement","Mon Jan 26 22:02:32 UTC 2026","passed","Mon Jan 26 22:02:33 UTC 2026","","","",""
"Test cases for TestTimeValueOrZero","0","TestTimeValueOrZero","","Mon Jan 26 21:57:01 UTC 2026","passed","Mon Jan 26 21:57:01 UTC 2026","","Go Test","github.com/specterops/bloodhound/cmd/api/src/database/types/null/TestTimeValueOrZero","TestTimeValueOrZero"
"","210","should display ""Create Token"" button","UserTokenManagementDialog","Mon Jan 26 22:00:23 UTC 2026","passed","Mon Jan 26 22:00:23 UTC 2026","","","",""
"","394","renders a list of pre-built searches","PrebuiltSearchList","Mon Jan 26 22:00:09 UTC 2026","passed","Mon Jan 26 22:00:10 UTC 2026","","","",""
"","159","will request feature-flags when the user is fully authenticated","app","Mon Jan 26 22:02:42 UTC 2026","passed","Mon Jan 26 22:02:42 UTC 2026","","<Inner />","",""
"Test cases for TestGetAzureDataQualityStats_Success","2","TestGetAzureDataQualityStats_Success","","Mon Jan 26 21:56:55 UTC 2026","passed","Mon Jan 26 21:56:55 UTC 2026","","Go Test","github.com/specterops/bloodhound/cmd/api/src/api/v2/TestGetAzureDataQualityStats_Success","TestGetAzureDataQualityStats_Success"
"Test cases for TestManagementResource_ListAuthTokens_Admin","0","TestManagementResource_ListAuthTokens_Admin","","Mon Jan 26 21:57:25 UTC 2026","passed","Mon Jan 26 21:57:25 UTC 2026","","Go Test","github.com/specterops/bloodhound/cmd/api/src/api/v2/auth/TestManagementResource_ListAuthTokens_Admin","TestManagementResource_ListAuthTokens_Admin"
"","119","clicking cancel on the form takes the user back to the page the user was on previously","Tag Form","Mon Jan 26 21:57:36 UTC 2026","passed","Mon Jan 26 21:57:36 UTC 2026","","","",""
"","418","sets exploreSearchTab param to node when the user clicks the `Search` tab","ExploreSearch sets searchType on tab changing","Mon Jan 26 22:02:15 UTC 2026","passed","Mon Jan 26 22:02:15 UTC 2026","","","",""
"","132","renders a snackbar notification in the dom and tests the long autoHideDuration","AppNotifications","Mon Jan 26 22:00:31 UTC 2026","passed","Mon Jan 26 22:00:31 UTC 2026","","","",""
"","241","should call the checkbox filter function when clicking on a checkbox input","Checkbox group","Mon Jan 26 22:01:32 UTC 2026","passed","Mon Jan 26 22:01:33 UTC 2026","","","",""
"","296","should render an SavedQueryPermissions component","SaveQueryDialog","Mon Jan 26 21:57:37 UTC 2026","passed","Mon Jan 26 21:57:37 UTC 2026","","","",""
"","10","displays CaretDownOutline icon when the sortOrder is undefined","ColumnHeaders","Mon Jan 26 22:00:47 UTC 2026","passed","Mon Jan 26 22:00:47 UTC 2026","","SortableHeader","",""
"","550","dispatches an action to add the associated node","Rule Object Select","Mon Jan 26 22:00:31 UTC 2026","passed","Mon Jan 26 22:00:32 UTC 2026","","","",""
"","834","renders the node in the entity panel when member is clicked","GroupManagement","Mon Jan 26 22:02:34 UTC 2026","passed","Mon Jan 26 22:02:34 UTC 2026","","","",""
"Test cases for TestAddOrderByToNeo4jQuery_NoOrderByClause","0","TestAddOrderByToNeo4jQuery_NoOrderByClause","","Mon Jan 26 21:56:55 UTC 2026","passed","Mon Jan 26 21:56:55 UTC 2026","","Go Test","github.com/specterops/bloodhound/cmd/api/src/api/v2/TestAddOrderByToNeo4jQuery_NoOrderByClause","TestAddOrderByToNeo4jQuery_NoOrderByClause"
"Test cases for TestInvalidValueError","0","TestInvalidValueError","","Mon Jan 26 21:57:22 UTC 2026","passed","Mon Jan 26 21:57:22 UTC 2026","","Go Test","github.com/specterops/bloodhound/packages/go/cache/TestInvalidValueError","TestInvalidValueError"
"","309","shows a loading state","AssetGroupMenuItem","Mon Jan 26 21:58:34 UTC 2026","passed","Mon Jan 26 21:58:35 UTC 2026","","","",""
"Test cases for TestMarshalInt","0","TestMarshalInt","","Mon Jan 26 21:57:01 UTC 2026","passed","Mon Jan 26 21:57:01 UTC 2026","","Go Test","github.com/specterops/bloodhound/cmd/api/src/database/types/null/TestMarshalInt","TestMarshalInt"
"","1400","shows an error message when unable to delete a rule","Rule Form","Mon Jan 26 21:57:51 UTC 2026","passed","Mon Jan 26 21:57:52 UTC 2026","","","",""
"Test cases for TestDeduplicateKinds","0","TestDeduplicateKinds","","Mon Jan 26 21:57:07 UTC 2026","passed","Mon Jan 26 21:57:07 UTC 2026","","Go Test","github.com/specterops/bloodhound/cmd/api/src/services/graphify/TestDeduplicateKinds","TestDeduplicateKinds"
"Test cases for TestResources_GetEdgeComposition","114","TestResources_GetEdgeComposition","","Mon Jan 26 21:56:55 UTC 2026","passed","Mon Jan 26 21:56:55 UTC 2026","","Go Test","github.com/specterops/bloodhound/cmd/api/src/api/v2/TestResources_GetEdgeComposition","TestResources_GetEdgeComposition"
"","474","clears applied filters when clicking the Clear button","Privilege Zones History Filter Dialog","Mon Jan 26 21:59:14 UTC 2026","passed","Mon Jan 26 21:59:15 UTC 2026","","","",""
"Test cases for TestResources_ListADComputerPSRemoteUsers","1","TestResources_ListADComputerPSRemoteUsers","","Mon Jan 26 21:56:55 UTC 2026","passed","Mon Jan 26 21:56:55 UTC 2026","","Go Test","github.com/specterops/bloodhound/cmd/api/src/api/v2/TestResources_ListADComputerPSRemoteUsers","TestResources_ListADComputerPSRemoteUsers"
"","5668","filter selections are rolled back if user closes modal with the cancel button","EdgeFilter","Mon Jan 26 21:59:34 UTC 2026","passed","Mon Jan 26 21:59:39 UTC 2026","","","",""
"","14","upon selecting just a destination node, updates the URL with a searchType of 'node' and secondarySearch of the node's objectid","usePathfindingSearch","Mon Jan 26 21:59:25 UTC 2026","passed","Mon Jan 26 21:59:25 UTC 2026","","","",""
"Test cases for Test_filterNodesToSearchResult_filterEnvironments_tenantIDFail","0","Test_filterNodesToSearchResult_filterEnvironments_tenantIDFail","","Mon Jan 26 21:57:04 UTC 2026","passed","Mon Jan 26 21:57:04 UTC 2026","","Go Test","github.com/specterops/bloodhound/cmd/api/src/queries/Test_filterNodesToSearchResult_filterEnvironments_tenantIDFail","Test_filterNodesToSearchResult_filterEnvironments_tenantIDFail"
"","277","should render","SSOProviderTable","Mon Jan 26 22:00:22 UTC 2026","passed","Mon Jan 26 22:00:22 UTC 2026","","","",""
"","15","renders highlight only for active member when memberId is present","SelectedHighlight","Mon Jan 26 22:00:54 UTC 2026","passed","Mon Jan 26 22:00:54 UTC 2026","","","",""
"","0","isError returns as expected based on all queries combined","queriesAreLoadingOrErrored","Mon Jan 26 22:01:44 UTC 2026","passed","Mon Jan 26 22:01:44 UTC 2026","","","",""
"","374","should not have less characters than the minimum requirement","UpdateUserForm","Mon Jan 26 21:57:42 UTC 2026","passed","Mon Jan 26 21:57:43 UTC 2026","","","",""
"","0","returns undefined if paramValue is not an expected value","useExploreParams","Mon Jan 26 22:01:51 UTC 2026","passed","Mon Jan 26 22:01:51 UTC 2026","","parseSearchType","",""
"Test cases for TestManagementResource_DeleteUser_Success","1000","TestManagementResource_DeleteUser_Success","","Mon Jan 26 21:57:20 UTC 2026","passed","Mon Jan 26 21:57:21 UTC 2026","","Go Test","github.com/specterops/bloodhound/cmd/api/src/api/v2/auth/TestManagementResource_DeleteUser_Success","TestManagementResource_DeleteUser_Success"
"Test cases for TestResources_UpdateAssetGroupSelectors_SuccessT0","0","TestResources_UpdateAssetGroupSelectors_SuccessT0","","Mon Jan 26 21:56:55 UTC 2026","passed","Mon Jan 26 21:56:55 UTC 2026","","Go Test","github.com/specterops/bloodhound/cmd/api/src/api/v2/TestResources_UpdateAssetGroupSelectors_SuccessT0","TestResources_UpdateAssetGroupSelectors_SuccessT0"
"Test cases for TestFlatMap","0","TestFlatMap","","Mon Jan 26 21:57:38 UTC 2026","passed","Mon Jan 26 21:57:38 UTC 2026","","Go Test","github.com/specterops/bloodhound/packages/go/slicesext/TestFlatMap","TestFlatMap"
"Test cases for TestExpireUserAuthSecret_Success","0","TestExpireUserAuthSecret_Success","","Mon Jan 26 21:57:02 UTC 2026","passed","Mon Jan 26 21:57:02 UTC 2026","","Go Test","github.com/specterops/bloodhound/cmd/api/src/api/v2/auth/TestExpireUserAuthSecret_Success","TestExpireUserAuthSecret_Success"
"","62","fails checks if the user does not have a matching permission","usePermissions","Mon Jan 26 21:58:40 UTC 2026","passed","Mon Jan 26 21:58:40 UTC 2026","","","",""
"","3829","should render","Pathfinding","Mon Jan 26 21:58:52 UTC 2026","passed","Mon Jan 26 21:58:56 UTC 2026","","","",""
"Test cases for TestNewNodeNamePrefix","0","TestNewNodeNamePrefix","","Mon Jan 26 21:57:20 UTC 2026","passed","Mon Jan 26 21:57:20 UTC 2026","","Go Test","github.com/specterops/bloodhound/packages/go/analysis/ad/wellknown/TestNewNodeNamePrefix","TestNewNodeNamePrefix"
"","735","renders a primary button as expected","DropdownSelector","Mon Jan 26 22:00:35 UTC 2026","passed","Mon Jan 26 22:00:36 UTC 2026","","","",""
"","1306","should render","EdgeInfoHeader","Mon Jan 26 22:00:24 UTC 2026","passed","Mon Jan 26 22:00:25 UTC 2026","","","",""
"","1105","does not show a warning for using labels associated with tags in label forms (also shows correct View in Explore link)","Rule Form","Mon Jan 26 21:57:55 UTC 2026","passed","Mon Jan 26 21:57:57 UTC 2026","","","",""
"Test cases for TestClearCache_HA","0","TestClearCache_HA","","Mon Jan 26 21:56:59 UTC 2026","passed","Mon Jan 26 21:56:59 UTC 2026","","Go Test","github.com/specterops/bloodhound/cmd/api/src/daemons/changelog/TestClearCache_HA","TestClearCache_HA"
"","49","renders the title","ProcessingIndicator","Mon Jan 26 22:01:46 UTC 2026","passed","Mon Jan 26 22:01:46 UTC 2026","","","",""
